Date,Close,nifty_return
2016-01-01,7963.2,
2016-01-04,7791.3,-2.158679927667262
2016-01-05,7784.65,-0.0853516101292584
2016-01-06,7741.0,-0.5607188505584615
2016-01-07,7568.3,-2.230977909830767
2016-01-08,7601.35,0.4366898775154393
2016-01-11,7563.85,-0.4933334210370566
2016-01-12,7510.3,-0.7079727916338929
2016-01-13,7562.4,0.6937139661531422
2016-01-14,7536.8,-0.33851687295037847
2016-01-15,7437.8,-1.3135548243286221
2016-01-18,7351.0,-1.1670117507865285
2016-01-19,7435.1,1.1440620323765582
2016-01-20,7309.3,-1.6919745531331132
2016-01-21,7276.8,-0.44463902152053203
2016-01-22,7422.45,2.0015666226912865
2016-01-25,7436.15,0.1845751739654622
2016-01-27,7437.75,0.021516510559904667
2016-01-28,7424.65,-0.17612853349467938
2016-01-29,7563.55,1.8707952563420616
2016-02-01,7555.95,-0.10048191656034655
2016-02-02,7455.55,-1.328754160628376
2016-02-03,7361.8,-1.257452501827494
2016-02-04,7404.0,0.5732293732511051
2016-02-05,7489.1,1.1493787142085488
2016-02-08,7387.25,-1.3599764991788166
2016-02-09,7298.2,-1.2054553453585637
2016-02-10,7215.7,-1.1304157189443997
2016-02-11,6976.35,-3.317072494699047
2016-02-12,6980.95,0.06593705877715461
2016-02-15,7162.95,2.6070950228836987
2016-02-16,7048.25,-1.6012955556020891
2016-02-17,7108.45,0.8541127230163426
2016-02-18,7191.75,1.1718447762873785
2016-02-19,7210.75,0.26419160844022294
2016-02-22,7234.55,0.33006275352771564
2016-02-23,7109.55,-1.7278199749811707
2016-02-24,7018.7,-1.2778586549078375
2016-02-25,6970.6,-0.6853120948323688
2016-02-26,7029.75,0.8485639686683921
2016-02-29,6987.05,-0.607418471496135
2016-03-01,7222.3,3.3669431305057174
2016-03-02,7368.85,2.0291319939631514
2016-03-03,7475.6,1.448665666962956
2016-03-04,7485.35,0.13042431376746322
2016-03-08,7485.3,-0.0006679714375401602
2016-03-09,7531.8,0.6212175864694691
2016-03-10,7486.15,-0.6060968161661351
2016-03-11,7510.2,0.32125992666458547
2016-03-14,7538.75,0.3801496631248291
2016-03-15,7460.6,-1.0366440059691562
2016-03-16,7498.75,0.5113529742916123
2016-03-17,7512.55,0.1840306717786344
2016-03-18,7604.35,1.2219552615290397
2016-03-21,7704.25,1.3137217513659927
2016-03-22,7714.9,0.13823538955770598
2016-03-23,7716.5,0.02073908929474122
2016-03-28,7615.1,-1.3140672584720958
2016-03-29,7597.0,-0.2376856508778613
2016-03-30,7735.2,1.8191391338686191
2016-03-31,7738.4,0.04136932464577914
2016-04-01,7713.05,-0.3275870981081286
2016-04-04,7758.8,0.5931505694893646
2016-04-05,7603.2,-2.0054647625921573
2016-04-06,7614.35,0.14664877946128918
2016-04-07,7546.45,-0.8917373117863003
2016-04-08,7555.2,0.11594855859378139
2016-04-11,7671.4,1.5380135535789874
2016-04-12,7708.95,0.4894804077482551
2016-04-13,7850.45,1.8355288333690156
2016-04-18,7914.7,0.818424421529973
2016-04-20,7914.75,0.0006317358838714426
2016-04-21,7912.05,-0.03411352222116859
2016-04-22,7899.3,-0.16114660549415571
2016-04-25,7855.05,-0.5601762181459136
2016-04-26,7962.65,1.3698194155352228
2016-04-27,7979.9,0.21663642129190475
2016-04-28,7847.25,-1.6623015326006518
2016-04-29,7849.8,0.03249546019306049
2016-05-02,7805.9,-0.559249917195348
2016-05-03,7747.0,-0.7545574501338637
2016-05-04,7706.55,-0.5221376016522505
2016-05-05,7735.5,0.3756544757381741
2016-05-06,7733.45,-0.026501195785666454
2016-05-09,7866.05,1.7146293051613526
2016-05-10,7887.8,0.276504726006066
2016-05-11,7848.85,-0.4938005527523548
2016-05-12,7900.4,0.6567841148703124
2016-05-13,7814.9,-1.0822236848767153
2016-05-16,7860.75,0.5866997658319439
2016-05-17,7890.75,0.3816429729987636
2016-05-18,7870.15,-0.261065171244812
2016-05-19,7783.4,-1.1022661575700643
2016-05-20,7749.7,-0.4329727368502123
2016-05-23,7731.05,-0.24065447694748832
2016-05-24,7748.85,0.23024039425434406
2016-05-25,7934.9,2.4010014389231893
2016-05-26,8069.65,1.698194054115354
2016-05-27,8156.65,1.0781136728358787
2016-05-30,8178.5,0.26787958291700775
2016-05-31,8160.1,-0.2249801308308319
2016-06-01,8179.95,0.24325682283303784
2016-06-02,8218.95,0.4767755304127874
2016-06-03,8220.8,0.022508957956901554
2016-06-06,8201.05,-0.2402442584663267
2016-06-07,8266.45,0.7974588619749978
2016-06-08,8273.05,0.0798408022790742
2016-06-09,8203.6,-0.839472745843417
2016-06-10,8170.05,-0.40896679506557954
2016-06-13,8110.6,-0.7276577254729188
2016-06-14,8108.85,-0.021576702093561995
2016-06-15,8206.6,1.2054730325508523
2016-06-16,8140.75,-0.8024029439719249
2016-06-17,8170.2,0.3617602800724651
2016-06-20,8238.5,0.8359648478617476
2016-06-21,8219.9,-0.22576925411179616
2016-06-22,8203.7,-0.19708268957041586
2016-06-23,8270.45,0.8136572522154717
2016-06-24,8088.6,-2.198792085073975
2016-06-27,8094.7,0.07541478129713397
2016-06-28,8127.85,0.4095272215153267
2016-06-29,8204.0,0.9369021327903404
2016-06-30,8287.75,1.0208434909800168
2016-07-01,8328.35,0.4898796416397788
2016-07-04,8370.7,0.5085040854430956
2016-07-05,8335.95,-0.4151385188813306
2016-07-07,8337.9,0.023392654706411165
2016-07-08,8323.2,-0.1763033857446028
2016-07-11,8467.9,1.738514033064198
2016-07-12,8521.05,0.6276644740726756
2016-07-13,8519.5,-0.01819024650716594
2016-07-14,8565.0,0.5340689007570898
2016-07-15,8541.4,-0.27553998832458015
2016-07-18,8508.7,-0.38284122040882496
2016-07-19,8528.55,0.23329063194141852
2016-07-20,8565.85,0.43735453271660507
2016-07-21,8510.1,-0.6508402551994252
2016-07-22,8541.2,0.36544811459324755
2016-07-25,8635.65,1.105816512902158
2016-07-26,8590.65,-0.5210956905386421
2016-07-27,8615.8,0.29276015202575056
2016-07-28,8666.3,0.5861324543281032
2016-07-29,8638.5,-0.32078280234931755
2016-08-01,8636.55,-0.022573363431155347
2016-08-02,8622.9,-0.1580492210431217
2016-08-03,8544.85,-0.9051479200732793
2016-08-04,8551.1,0.07314347238394081
2016-08-05,8683.15,1.544245769550101
2016-08-08,8711.35,0.3247669336588821
2016-08-09,8678.25,-0.37996406986288145
2016-08-10,8575.3,-1.1862990810359353
2016-08-11,8592.15,0.19649458327988256
2016-08-12,8672.15,0.9310824415309282
2016-08-16,8642.55,-0.3413225094123229
2016-08-17,8624.05,-0.21405719376804688
2016-08-18,8673.25,0.5704976200277212
2016-08-19,8666.9,-0.07321361657971481
2016-08-22,8629.15,-0.43556519632164115
2016-08-23,8632.6,0.039980762879321396
2016-08-24,8650.3,0.20503672126588324
2016-08-25,8592.2,-0.6716530062541026
2016-08-26,8572.55,-0.22869579385956795
2016-08-29,8607.45,0.40711340266317286
2016-08-30,8744.35,1.590482663274262
2016-08-31,8786.2,0.4785947497526921
2016-09-01,8774.65,-0.13145614713984122
2016-09-02,8809.65,0.3988763084567415
2016-09-06,8943.0,1.5136810202448503
2016-09-07,8917.95,-0.2801073465280024
2016-09-08,8952.5,0.3874208758739339
2016-09-09,8866.7,-0.9583915107511776
2016-09-12,8715.6,-1.7041289318461272
2016-09-14,8726.6,0.12621047317453726
2016-09-15,8742.55,0.18277450553478847
2016-09-16,8779.85,0.42664897541335733
2016-09-19,8808.4,0.3251763982300204
2016-09-20,8775.9,-0.3689659870123929
2016-09-21,8777.15,0.01424355336774319
2016-09-22,8867.45,1.0288077565041132
2016-09-23,8831.55,-0.4048514510936241
2016-09-26,8723.05,-1.2285499147941192
2016-09-27,8706.4,-0.19087360498907247
2016-09-28,8745.15,0.44507488743912305
2016-09-29,8591.25,-1.7598325929229275
2016-09-30,8611.15,0.23163101993306512
2016-10-03,8738.1,1.4742514066065526
2016-10-04,8769.15,0.3553404058090459
2016-10-05,8743.95,-0.28737106789140654
2016-10-06,8709.55,-0.39341487542816633
2016-10-07,8697.6,-0.13720571097242118
2016-10-10,8708.8,0.1287711552611981
2016-10-13,8573.35,-1.5553233510931297
2016-10-14,8583.4,0.11722372234890255
2016-10-17,8520.4,-0.7339748817484892
2016-10-18,8677.9,1.8485047650345088
2016-10-19,8659.1,-0.21664227520482582
2016-10-20,8699.4,0.4654063355314042
2016-10-21,8693.05,-0.07299353978436063
2016-10-24,8708.95,0.18290473424174003
2016-10-25,8691.3,-0.20266507443493786
2016-10-26,8615.25,-0.8750129439784482
2016-10-27,8615.25,0.0
2016-10-28,8638.0,0.26406662604103737
2016-10-30,8625.7,-0.14239407270200122
2016-11-01,8626.25,0.006376294097854007
2016-11-02,8514.0,-1.3012606868569754
2016-11-03,8484.95,-0.34120272492365045
2016-11-04,8433.75,-0.6034213519231169
2016-11-07,8497.05,0.7505558025789227
2016-11-08,8543.55,0.5472487510371327
2016-11-09,8432.0,-1.3056633366691717
2016-11-10,8525.75,1.1118358633776193
2016-11-11,8296.3,-2.691258833533716
2016-11-15,8108.45,-2.264262382025717
2016-11-16,8111.6,0.0388483618940727
2016-11-17,8079.95,-0.39018196163519425
2016-11-18,8074.1,-0.0724014381277005
2016-11-21,7929.1,-1.795865793091489
2016-11-22,8002.3,0.9231816977967267
2016-11-23,8033.3,0.387388625770102
2016-11-24,7965.5,-0.8439869045099746
2016-11-25,8114.3,1.86805599146318
2016-11-28,8126.9,0.1552814167580685
2016-11-29,8142.15,0.18764842682941207
2016-11-30,8224.5,1.0114036218934919
2016-12-01,8192.9,-0.3842178855857581
2016-12-02,8086.8,-1.2950237400676134
2016-12-05,8128.75,0.5187465993965468
2016-12-06,8143.15,0.17714900815009038
2016-12-07,8102.05,-0.504718689941841
2016-12-08,8246.85,1.7872020044309878
2016-12-09,8261.75,0.18067504562346848
2016-12-12,8170.8,-1.1008563560988893
2016-12-13,8221.8,0.6241738875018221
2016-12-14,8182.45,-0.47860565812838374
2016-12-15,8153.6,-0.3525838838000728
2016-12-16,8139.45,-0.1735429748822681
2016-12-19,8104.35,-0.43123306857342225
2016-12-20,8082.4,-0.27084220202731046
2016-12-21,8061.3,-0.2610610709690153
2016-12-22,7979.1,-1.0196866510364333
2016-12-23,7985.75,0.08334273288967964
2016-12-26,7908.25,-0.9704786651222541
2016-12-27,8032.85,1.575569816331046
2016-12-28,8034.85,0.02489776355838469
2016-12-29,8103.6,0.8556475852069312
2016-12-30,8185.8,1.014363986376421
2017-01-02,8179.5,-0.0769625448948208
2017-01-03,8192.25,0.15587749862460143
2017-01-04,8190.5,-0.021361652781592966
2017-01-05,8273.8,1.01703192723277
2017-01-06,8243.8,-0.36259034542773794
2017-01-09,8236.05,-0.09401004391178525
2017-01-10,8288.6,0.6380485791125823
2017-01-11,8380.65,1.110561494100315
2017-01-12,8407.2,0.316801202770689
2017-01-13,8400.35,-0.08147778094966807
2017-01-16,8412.8,0.14820811037634662
2017-01-17,8398.0,-0.17592240395586378
2017-01-18,8417.0,0.2262443438914019
2017-01-19,8435.1,0.21504098847571207
2017-01-20,8349.35,-1.0165854583822354
2017-01-23,8391.5,0.5048297172833838
2017-01-24,8475.8,1.0045879759280174
2017-01-25,8602.75,1.4977937185870482
2017-01-27,8641.25,0.44753131266164203
2017-01-30,8632.75,-0.09836539852451365
2017-01-31,8561.3,-0.8276621007211049
2017-02-01,8716.4,1.8116407554927383
2017-02-02,8734.25,0.20478637969805202
2017-02-03,8740.95,0.07670950568166024
2017-02-06,8801.05,0.6875682849118103
2017-02-07,8768.3,-0.37211469086074755
2017-02-08,8769.05,0.00855353945463655
2017-02-09,8778.4,0.10662500498914707
2017-02-10,8793.55,0.1725827029982696
2017-02-13,8805.05,0.1307776722711429
2017-02-14,8792.3,-0.1448032663074028
2017-02-15,8724.7,-0.7688545659269908
2017-02-16,8778.0,0.6109092576249031
2017-02-17,8821.7,0.4978354978355082
2017-02-20,8879.2,0.651801806907959
2017-02-21,8907.85,0.32266420398232576
2017-02-22,8926.9,0.21385631774220037
2017-02-23,8939.5,0.1411464226103165
2017-02-27,8896.7,-0.4787739806476843
2017-02-28,8879.6,-0.19220609889060158
2017-03-01,8945.8,0.7455290778863866
2017-03-02,8899.75,-0.5147667061637828
2017-03-03,8897.55,-0.024719795499883457
2017-03-06,8963.45,0.7406533259155745
2017-03-07,8946.9,-0.18463872727577657
2017-03-08,8924.3,-0.25260145972347825
2017-03-09,8927.0,0.030254473740254362
2017-03-10,8934.55,0.08457488517978895
2017-03-14,9087.0,1.7062974632186423
2017-03-15,9084.8,-0.024210410476510624
2017-03-16,9153.7,0.7584096512856853
2017-03-17,9160.05,0.0693708555010275
2017-03-20,9126.85,-0.36244343644411536
2017-03-21,9121.5,-0.05861825273780763
2017-03-22,9030.45,-0.9981910869922617
2017-03-23,9086.3,0.6184630887718701
2017-03-24,9108.0,0.23882108228872045
2017-03-27,9045.2,-0.6895037329819886
2017-03-28,9100.8,0.6146906646619099
2017-03-29,9143.8,0.47248593530238026
2017-03-30,9173.75,0.3275443469892281
2017-03-31,9173.75,0.0
2017-04-03,9237.85,0.6987327973838386
2017-04-05,9265.15,0.2955233089950493
2017-04-06,9261.95,-0.03453802690727148
2017-04-07,9198.3,-0.6872202937826422
2017-04-10,9181.45,-0.18318602350432256
2017-04-11,9237.0,0.6050242608738099
2017-04-12,9203.45,-0.363213164447318
2017-04-13,9150.8,-0.5720680831644787
2017-04-17,9139.3,-0.12567207238711742
2017-04-18,9105.15,-0.37366100248377165
2017-04-19,9103.5,-0.01812161249402644
2017-04-20,9136.4,0.3613994617454708
2017-04-21,9119.4,-0.1860689111685132
2017-04-24,9217.95,1.0806632015264217
2017-04-25,9306.6,0.9617105755618027
2017-04-26,9351.85,0.48621408462812266
2017-04-27,9342.15,-0.1037227928164075
2017-04-28,9304.05,-0.40782903293139494
2017-05-02,9313.8,0.10479307398389981
2017-05-03,9311.95,-0.0198629989907273
2017-05-04,9359.9,0.5149297408169051
2017-05-05,9285.3,-0.7970170621481087
2017-05-08,9314.05,0.3096291988411881
2017-05-09,9316.85,0.030062110467521386
2017-05-10,9407.3,0.9708216832942318
2017-05-11,9422.4,0.16051364365972098
2017-05-12,9400.9,-0.22817965698760379
2017-05-15,9445.4,0.47335893371911464
2017-05-16,9512.25,0.7077519215702877
2017-05-17,9525.75,0.14192225814082526
2017-05-18,9429.45,-1.0109440201558906
2017-05-19,9427.9,-0.01643786222951249
2017-05-22,9438.25,0.10978054497821077
2017-05-23,9386.15,-0.5520091118586645
2017-05-24,9360.55,-0.2727422851754979
2017-05-25,9509.75,1.5939234339862551
2017-05-26,9595.1,0.8974999342779899
2017-05-29,9604.9,0.10213546497690462
2017-05-30,9624.55,0.20458307738757675
2017-05-31,9621.25,-0.03428731732911805
2017-06-01,9616.1,-0.053527348317528034
2017-06-02,9653.5,0.3889310635288634
2017-06-05,9675.1,0.22375304293780207
2017-06-06,9637.15,-0.39224400781388
2017-06-07,9663.9,0.2775716887253976
2017-06-08,9647.25,-0.17229069009405684
2017-06-09,9668.25,0.21767861307626646
2017-06-12,9616.4,-0.5362914695006937
2017-06-13,9606.9,-0.09878956782163328
2017-06-14,9618.15,0.11710333198013956
2017-06-15,9578.05,-0.4169200937810369
2017-06-16,9588.05,0.10440538522977771
2017-06-19,9657.55,0.7248606338097874
2017-06-20,9653.5,-0.04193610180635021
2017-06-21,9633.6,-0.20614284974361796
2017-06-22,9630.0,-0.037369207772797175
2017-06-23,9574.95,-0.571651090342673
2017-06-27,9511.4,-0.6637110376555566
2017-06-28,9491.25,-0.21185104190760695
2017-06-29,9504.1,0.13538785723692381
2017-06-30,9520.9,0.1767658168579711
2017-07-03,9615.0,0.9883519415181397
2017-07-04,9613.3,-0.017680707228295844
2017-07-05,9637.6,0.2527748015769937
2017-07-06,9674.55,0.3833942060263773
2017-07-07,9665.8,-0.09044348315941919
2017-07-10,9771.05,1.0888907281342508
2017-07-11,9786.05,0.15351471950302287
2017-07-12,9816.1,0.30706975746088716
2017-07-13,9891.7,0.770163303144833
2017-07-14,9886.35,-0.054085748657972665
2017-07-17,9915.95,0.29940271181982947
2017-07-18,9827.15,-0.8955269036249769
2017-07-19,9899.6,0.7372432495688086
2017-07-20,9873.3,-0.2656672996888876
2017-07-21,9915.25,0.4248832710441297
2017-07-24,9966.4,0.5158720153299212
2017-07-25,9964.55,-0.018562369561736514
2017-07-26,10020.65,0.5629958201825547
2017-07-27,10020.55,-0.0009979392554426703
2017-07-28,10014.5,-0.06037592746904741
2017-07-31,10077.1,0.6250936142593311
2017-08-01,10114.65,0.37262704547935677
2017-08-02,10081.5,-0.3277424330055845
2017-08-03,10013.65,-0.6730149283340814
2017-08-04,10066.4,0.526780944011418
2017-08-07,10057.4,-0.08940634188985275
2017-08-08,9978.55,-0.7839998409131632
2017-08-09,9908.05,-0.7065154756953684
2017-08-10,9820.25,-0.8861481320744158
2017-08-11,9710.8,-1.1145337440492953
2017-08-14,9794.15,0.8583226922601606
2017-08-16,9897.3,1.0531797042111934
2017-08-17,9904.15,0.06921079486323922
2017-08-18,9837.4,-0.6739599056960976
2017-08-21,9754.35,-0.8442271331855933
2017-08-22,9765.55,0.11482056723408629
2017-08-23,9852.5,0.8903748380787668
2017-08-24,9857.05,0.04618117229129304
2017-08-28,9912.8,0.5655850381199201
2017-08-29,9796.05,-1.1777701557582065
2017-08-30,9884.4,0.9018941307976203
2017-08-31,9917.9,0.33891789081785806
2017-09-01,9974.4,0.5696770485687397
2017-09-04,9912.85,-0.6170797240936721
2017-09-05,9952.2,0.3969595020604677
2017-09-06,9916.2,-0.3617290649303717
2017-09-07,9929.9,0.13815776204593178
2017-09-08,9934.8,0.04934591486318585
2017-09-11,10006.05,0.7171759874381012
2017-09-12,10093.05,0.8694739682492125
2017-09-13,10079.3,-0.13623235790964916
2017-09-14,10086.6,0.07242566448066867
2017-09-15,10085.4,-0.011896972220581947
2017-09-18,10153.1,0.6712673766038124
2017-09-19,10147.55,-0.054663107819297174
2017-09-20,10141.15,-0.06306941084300854
2017-09-21,10121.9,-0.1898206810864611
2017-09-22,9964.4,-1.5560319702822567
2017-09-25,9872.6,-0.9212797559311037
2017-09-26,9871.5,-0.011141948422910275
2017-09-27,9735.75,-1.375170946664639
2017-09-28,9768.95,0.3410112215289196
2017-09-29,9788.6,0.20114751329467495
2017-10-03,9859.5,0.7243119547228449
2017-10-04,9914.9,0.561894619402592
2017-10-05,9888.7,-0.2642487569213925
2017-10-06,9979.7,0.9202422967629742
2017-10-09,9988.75,0.09068408870005484
2017-10-10,10016.95,0.28231760730823563
2017-10-11,9984.8,-0.3209559796145678
2017-10-12,10096.4,1.1176989023315542
2017-10-13,10167.45,0.7037161760627741
2017-10-16,10230.85,0.6235585127047472
2017-10-17,10234.45,0.035187692127247594
2017-10-18,10210.85,-0.23059373000015038
2017-10-19,10146.55,-0.6297223051949796
2017-10-23,10184.85,0.37746820347803745
2017-10-24,10207.7,0.22435283779338455
2017-10-25,10295.35,0.8586655172075908
2017-10-26,10343.8,0.47060080521788006
2017-10-27,10323.05,-0.200603259923815
2017-10-30,10363.65,0.39329461738537574
2017-10-31,10335.3,-0.27355227164175266
2017-11-01,10440.5,1.0178707923330865
2017-11-02,10423.8,-0.1599540251903675
2017-11-03,10452.5,0.27533145302098827
2017-11-06,10451.8,-0.006696962449181942
2017-11-07,10350.15,-0.9725597504736005
2017-11-08,10303.15,-0.4540996990381796
2017-11-09,10308.95,0.05629346364948162
2017-11-10,10321.75,0.12416395462195862
2017-11-13,10224.95,-0.9378254656429275
2017-11-14,10186.6,-0.3750629587430776
2017-11-15,10118.05,-0.6729428857518815
2017-11-16,10214.75,0.9557177519383675
2017-11-17,10283.6,0.6740253065420143
2017-11-20,10298.75,0.14732194951183608
2017-11-21,10326.9,0.27333414249302024
2017-11-22,10342.3,0.14912510046576344
2017-11-23,10348.75,0.06236523790645876
2017-11-24,10389.7,0.3956999637637404
2017-11-27,10399.55,0.09480543230313554
2017-11-28,10370.25,-0.28174296003191657
2017-11-29,10361.3,-0.08630457317808649
2017-11-30,10226.55,-1.3005124839547189
2017-12-01,10121.8,-1.0242946057076874
2017-12-04,10127.75,0.05878401074908002
2017-12-05,10118.25,-0.09380168349337747
2017-12-06,10044.1,-0.7328342351691219
2017-12-07,10166.7,1.2206170786830173
2017-12-08,10265.65,0.9732754974573821
2017-12-11,10322.25,0.5513532995962356
2017-12-12,10240.15,-0.7953692266705503
2017-12-13,10192.95,-0.46093074808473133
2017-12-14,10252.1,0.5803030526000841
2017-12-15,10333.25,0.7915451468479606
2017-12-18,10388.75,0.5371011056540809
2017-12-19,10463.2,0.7166405967994338
2017-12-20,10444.2,-0.18158880648367903
2017-12-21,10440.3,-0.03734129947723375
2017-12-22,10493.0,0.5047747670086089
2017-12-26,10531.5,0.3669112741827796
2017-12-27,10490.75,-0.3869344347908643
2017-12-28,10477.9,-0.12248885923313857
2017-12-29,10530.7,0.503917769782114
2019-01-01,10910.1,3.6027994340357195
2019-01-02,10792.5,-1.0779002942227889
2019-01-03,10672.25,-1.1141996757007222
2019-01-04,10727.35,0.5162922532736758
2019-01-07,10771.8,0.4143614219727976
2019-01-08,10802.15,0.28175421006702006
2019-01-09,10855.15,0.49064306642658817
2019-01-10,10821.6,-0.30906988848610206
2019-01-11,10794.95,-0.2462667258076423
2019-01-14,10737.6,-0.5312669350020172
2019-01-15,10886.8,1.3895097600953532
2019-01-16,10890.3,0.03214902450674462
2019-01-17,10905.2,0.1368190040678563
2019-01-18,10906.95,0.016047390235840453
2019-01-21,10961.85,0.5033487821985094
2019-01-22,10922.75,-0.3566916168347478
2019-01-23,10831.5,-0.8354123274816327
2019-01-24,10849.8,0.16895166874393297
2019-01-25,10780.55,-0.6382606130988622
2019-01-28,10661.55,-1.1038397855396953
2019-01-29,10652.2,-0.0876983177867996
2019-01-30,10651.8,-0.0037550928446816734
2019-01-31,10830.95,1.6818753637882988
2019-02-01,10893.65,0.5788965880185737
2019-02-04,10912.25,0.170741670606267
2019-02-05,10934.35,0.20252468555981284
2019-02-06,11062.45,1.171537402772005
2019-02-07,11069.4,0.06282514271249706
2019-02-08,10943.6,-1.1364662944694293
2019-02-11,10888.8,-0.500749296392422
2019-02-12,10831.4,-0.5271471603849776
2019-02-13,10793.65,-0.3485237365437488
2019-02-14,10746.05,-0.4410000324264751
2019-02-15,10724.4,-0.20146937711996715
2019-02-18,10640.95,-0.7781321099548544
2019-02-19,10604.35,-0.3439542522049255
2019-02-20,10735.45,1.2362851094126492
2019-02-21,10789.85,0.5067323679957436
2019-02-22,10791.65,0.016682344981622244
2019-02-25,10880.1,0.8196151654288331
2019-02-26,10835.3,-0.41176092131507414
2019-02-27,10806.65,-0.26441353723477556
2019-02-28,10792.5,-0.13093789472222728
2019-03-01,10863.5,0.6578642575862936
2019-03-05,10987.45,1.1409766649790543
2019-03-06,11053.0,0.5965897455733504
2019-03-07,11058.2,0.04704605084593361
2019-03-08,11035.4,-0.20618183791214495
2019-03-11,11168.05,1.2020407053663584
2019-03-12,11301.2,1.1922403642534052
2019-03-13,11341.7,0.35836902275865334
2019-03-14,11343.25,0.013666381582999598
2019-03-15,11426.85,0.737002181914348
2019-03-18,11462.2,0.30935909721401256
2019-03-19,11532.4,0.6124478721362347
2019-03-20,11521.05,-0.09841836911658186
2019-03-22,11456.9,-0.5568068882610522
2019-03-25,11354.25,-0.8959666227338903
2019-03-26,11483.25,1.1361384503600025
2019-03-27,11445.05,-0.3326584372891017
2019-03-28,11570.0,1.0917383497669464
2019-03-29,11623.9,0.46585998271391205
2019-04-01,11669.15,0.3892841473171593
2019-04-02,11713.2,0.37749107689935
2019-04-03,11643.95,-0.5912133319673551
2019-04-04,11598.0,-0.3946255351491623
2019-04-05,11665.95,0.5858768753233434
2019-04-08,11604.5,-0.5267466430080803
2019-04-09,11671.95,0.5812400361928649
2019-04-10,11584.3,-0.7509456431873174
2019-04-11,11596.7,0.10704142675863615
2019-04-12,11643.45,0.40313192546155285
2019-04-15,11690.35,0.40280157513450376
2019-04-16,11787.15,0.828033377957027
2019-04-18,11752.8,-0.29141904531629903
2019-04-22,11594.45,-1.3473385065686405
2019-04-23,11575.95,-0.15955909939668889
2019-04-24,11726.15,1.2975176983314407
2019-04-25,11641.8,-0.7193324322134709
2019-04-26,11754.65,0.9693518184473282
2019-04-30,11748.15,-0.05529726533755053
2019-05-02,11724.75,-0.19918029647221225
2019-05-03,11712.25,-0.10661208128105448
2019-05-06,11598.25,-0.973339879186319
2019-05-07,11497.9,-0.8652167352833473
2019-05-08,11359.45,-1.2041329286217373
2019-05-09,11301.8,-0.5075069655661291
2019-05-10,11278.9,-0.20262259109168346
2019-05-13,11148.2,-1.1588009469008398
2019-05-14,11222.05,0.6624387793545017
2019-05-15,11157.0,-0.5796623611550422
2019-05-16,11257.1,0.8971945863583519
2019-05-17,11407.15,1.3329365467127374
2019-05-20,11828.25,3.691544338419317
2019-05-21,11709.1,-1.0073341364952526
2019-05-22,11737.9,0.24596254195454748
2019-05-23,11657.05,-0.6887944180816064
2019-05-24,11844.1,1.604608370042171
2019-05-27,11924.75,0.6809297456117358
2019-05-28,11928.75,0.03354368016101894
2019-05-29,11861.1,-0.5671172587236706
2019-05-30,11945.9,0.7149421217256258
2019-05-31,11922.8,-0.19337178446161563
2019-06-03,12088.55,1.3901935786895692
2019-06-04,12021.65,-0.5534162492606631
2019-06-06,11843.75,-1.479830139789462
2019-06-07,11870.65,0.2271240105540917
2019-06-10,11922.7,0.43847641030609896
2019-06-11,11965.6,0.3598178264990315
2019-06-12,11906.2,-0.49642307949454567
2019-06-13,11914.05,0.06593203541012116
2019-06-14,11823.3,-0.7617057171994457
2019-06-17,11672.15,-1.2784078895063056
2019-06-18,11691.5,0.1657792266206437
2019-06-19,11691.45,-0.0004276611213160919
2019-06-20,11831.75,1.2000222384733972
2019-06-21,11724.1,-0.9098400490206382
2019-06-24,11699.65,-0.20854479235080658
2019-06-25,11796.45,0.8273751778899552
2019-06-26,11847.55,0.4331811689109788
2019-06-27,11841.55,-0.050643381965043144
2019-06-28,11788.85,-0.44504308979820273
2019-07-01,11865.6,0.651038905406387
2019-07-02,11910.3,0.3767192556634269
2019-07-03,11916.75,0.054154807183715015
2019-07-04,11946.75,0.25174649128327786
2019-07-05,11811.15,-1.135036725469274
2019-07-08,11558.6,-2.138233787565136
2019-07-09,11555.9,-0.02335923035662324
2019-07-10,11498.9,-0.493254527990028
2019-07-11,11582.9,0.7305046569671791
2019-07-12,11552.5,-0.2624558616581285
2019-07-15,11588.35,0.31032244103008644
2019-07-16,11662.6,0.6407296983608646
2019-07-17,11687.5,0.21350299247164806
2019-07-18,11596.9,-0.7751871657754039
2019-07-19,11419.25,-1.531874897601937
2019-07-22,11346.2,-0.6397092628675161
2019-07-23,11331.05,-0.13352488057677414
2019-07-24,11271.3,-0.5273121202359898
2019-07-25,11252.15,-0.16990054385918052
2019-07-26,11284.3,0.28572317290473936
2019-07-29,11189.2,-0.8427638400255066
2019-07-30,11085.4,-0.9276802631108638
2019-07-31,11118.0,0.294080502282279
2019-08-01,10980.0,-1.2412304371289817
2019-08-02,10997.35,0.1580145719489945
2019-08-05,10862.6,-1.2252951847490534
2019-08-06,10948.25,0.7884852613554649
2019-08-07,10855.5,-0.847167355513434
2019-08-08,11032.45,1.6300492837732161
2019-08-09,11109.65,0.6997539077902015
2019-08-13,10925.85,-1.6544175559085939
2019-08-14,11029.4,0.9477523487875006
2019-08-16,11047.8,0.16682684461530872
2019-08-19,11053.9,0.05521461286410734
2019-08-20,11017.0,-0.3338188331719949
2019-08-21,10918.7,-0.8922574203503619
2019-08-22,10741.35,-1.6242776154670513
2019-08-23,10829.35,0.8192638727906543
2019-08-26,11057.85,2.110006602427661
2019-08-27,11105.35,0.4295590915051273
2019-08-28,11046.1,-0.5335266335595001
2019-08-29,10948.3,-0.8853803604892296
2019-08-30,11023.25,0.6845811678525493
2019-09-03,10797.9,-2.0443154242170025
2019-09-04,10844.65,0.4329545559784709
2019-09-05,10847.9,0.02996869424094495
2019-09-06,10946.2,0.9061661704108825
2019-09-09,11003.05,0.5193583161279491
2019-09-11,11035.7,0.29673590504453173
2019-09-12,10982.8,-0.479353371331237
2019-09-13,11075.9,0.8476891138871734
2019-09-16,11003.5,-0.6536714849357583
2019-09-17,10817.6,-1.6894624437678862
2019-09-18,10840.65,0.2130786865848222
2019-09-19,10704.8,-1.2531536393112996
2019-09-20,11274.2,5.3191091846648275
2019-09-23,11600.2,2.891557715846793
2019-09-24,11588.2,-0.10344649230186187
2019-09-25,11440.2,-1.277161250237313
2019-09-26,11571.2,1.1450848761385357
2019-09-27,11512.4,-0.5081581858407125
2019-09-30,11474.45,-0.32964455717312546
2019-10-01,11359.9,-0.9983049296480528
2019-10-03,11314.0,-0.40405285257792967
2019-10-04,11174.75,-1.2307760296977222
2019-10-07,11126.4,-0.4326718718539624
2019-10-09,11313.3,1.6797886108714355
2019-10-10,11234.55,-0.696083370899736
2019-10-11,11305.05,0.627528472435479
2019-10-14,11341.15,0.31932631876905315
2019-10-15,11428.3,0.7684405902399716
2019-10-16,11464.0,0.31238241908246867
2019-10-17,11586.35,1.0672540125610697
2019-10-18,11661.85,0.6516288563697792
2019-10-22,11588.35,-0.6302602074284902
2019-10-23,11604.1,0.13591236025836118
2019-10-24,11582.6,-0.18527934092260612
2019-10-25,11583.9,0.01122373214994532
2019-10-27,11627.15,0.3733630297222845
2019-10-29,11786.85,1.373509415462948
2019-10-30,11844.1,0.48571077090147075
2019-10-31,11877.45,0.28157479251273987
2019-11-01,11890.6,0.11071400005893128
2019-11-04,11941.3,0.4263872302491034
2019-11-05,11917.2,-0.20182057229948258
2019-11-06,11966.05,0.40991172423050504
2019-11-07,12012.05,0.38442092419803675
2019-11-08,11908.15,-0.8649647645489256
2019-11-11,11913.45,0.044507333212973066
2019-11-13,11840.45,-0.612752812997075
2019-11-14,11872.1,0.26730402982995116
2019-11-15,11895.45,0.19667961017848512
2019-11-18,11884.5,-0.0920520030768146
2019-11-19,11940.1,0.4678362573099504
2019-11-20,11999.1,0.4941332149646982
2019-11-21,11968.4,-0.255852522272515
2019-11-22,11914.4,-0.4511881287390107
2019-11-25,12073.75,1.3374571946552116
2019-11-26,12037.7,-0.29858163370948265
2019-11-27,12100.7,0.523355790558
2019-11-28,12151.15,0.4169180295354735
2019-11-29,12056.05,-0.782641972159015
2019-12-02,12048.2,-0.06511253685907992
2019-12-03,11994.2,-0.44819973108015665
2019-12-04,12043.2,0.40853078988176694
2019-12-05,12018.4,-0.20592533545902292
2019-12-06,11921.5,-0.8062637289489416
2019-12-09,11937.5,0.1342112989137334
2019-12-10,11856.8,-0.6760209424083841
2019-12-11,11910.15,0.4499527697186423
2019-12-12,11971.8,0.5176257225979475
2019-12-13,12086.7,0.9597554252493534
2019-12-16,12053.95,-0.27095898797852014
2019-12-17,12165.0,0.9212747688516876
2019-12-18,12221.65,0.4656802301685081
2019-12-19,12259.7,0.31133275785184544
2019-12-20,12271.8,0.09869735801038004
2019-12-23,12262.75,-0.07374631268436405
2019-12-24,12214.55,-0.3930602841940134
2019-12-26,12126.55,-0.7204522475244723
2019-12-27,12245.8,0.9833794442772215
2019-12-30,12255.85,0.08206895425371119
2019-12-31,12168.45,-0.7131288323535268
2020-01-01,12182.5,0.11546252809520041
2020-01-02,12282.2,0.8183870305766616
2020-01-03,12226.65,-0.45228053606032326
2020-01-06,11993.05,-1.91058057603678
2020-01-07,12052.95,0.4994559348956429
2020-01-08,12025.35,-0.2289895834629685
2020-01-09,12215.9,1.5845692640962472
2020-01-10,12256.8,0.3348095514861704
2020-01-13,12329.55,0.5935480712747188
2020-01-14,12362.3,0.2656220218904881
2020-01-15,12343.3,-0.15369308300234863
2020-01-16,12355.5,0.09883904628422702
2020-01-17,12352.35,-0.02549471895106903
2020-01-20,12224.55,-1.034620942573694
2020-01-21,12169.85,-0.44746023371002863
2020-01-22,12106.9,-0.5172619218807184
2020-01-23,12180.35,0.6066788360356457
2020-01-24,12248.25,0.5574552455389181
2020-01-27,12119.0,-1.0552527912150667
2020-01-28,12055.8,-0.5214951728690576
2020-01-29,12129.5,0.6113240100200867
2020-01-30,12035.8,-0.772496805309375
2020-01-31,11962.1,-0.6123398527725477
2020-02-01,11661.85,-2.5100107840596575
2020-02-03,11707.9,0.394877313633768
2020-02-04,11979.65,2.321082346108194
2020-02-05,12089.15,0.9140500765882242
2020-02-06,12137.95,0.4036677516616294
2020-02-07,12098.35,-0.32624949023517535
2020-02-10,12031.5,-0.5525546872094167
2020-02-11,12107.9,0.6349997922121098
2020-02-12,12201.2,0.770571279908161
2020-02-13,12174.65,-0.21760154738879045
2020-02-14,12113.45,-0.5026838553880308
2020-02-17,12045.8,-0.5584701303097073
2020-02-18,11992.5,-0.4424778761061843
2020-02-19,12125.9,1.1123618928496892
2020-02-20,12080.85,-0.37151881509825957
2020-02-24,11829.4,-2.0813932794463974
2020-02-25,11797.9,-0.2662856949633974
2020-02-26,11678.5,-1.0120445163969816
2020-02-27,11633.3,-0.38703600633643864
2020-02-28,11201.75,-3.709609483121723
2020-03-02,11132.75,-0.6159751824491688
2020-03-03,11303.3,1.5319664952504919
2020-03-04,11251.0,-0.4626967345819244
2020-03-05,11269.0,0.15998577904186018
2020-03-06,10989.45,-2.480699263466135
2020-03-09,10451.45,-4.895604420603394
2020-03-11,10458.4,0.06649795004520787
2020-03-12,9590.15,-8.301939111145106
2020-03-13,9955.2,3.8065098043305046
2020-03-16,9197.4,-7.612102217936368
2020-03-17,8967.05,-2.5045121447365593
2020-03-18,8468.8,-5.55645390624564
2020-03-19,8263.45,-2.424782731910058
2020-03-20,8745.45,5.8329148237116435
2020-03-23,7610.25,-12.980464127060365
2020-03-24,7801.05,2.507144968956343
2020-03-25,8317.85,6.624749232475113
2020-03-26,8641.45,3.890428415996916
2020-03-27,8660.25,0.21755608144464755
2020-03-30,8281.1,-4.378049132530815
2020-03-31,8597.75,3.8237673738996003
2020-04-01,8253.8,-4.000465237998318
2020-04-03,8083.8,-2.0596573699386833
2020-04-07,8792.2,8.763205423192066
2020-04-08,8748.75,-0.4941880302995916
2020-04-09,9111.9,4.150878696956695
2020-04-13,8993.85,-1.295558555295817
2020-04-15,8925.3,-0.7621874947881135
2020-04-16,8992.8,0.7562770999294033
2020-04-17,9266.75,3.0463259496486206
2020-04-20,9261.85,-0.0528772223271301
2020-04-21,8981.45,-3.0274729130789213
2020-04-22,9187.3,2.2919461779556505
2020-04-23,9313.9,1.3779891807168543
2020-04-24,9154.4,-1.7124942290554945
2020-04-27,9282.3,1.3971423577733066
2020-04-28,9380.9,1.0622367301207802
2020-04-29,9553.35,1.8383097570595641
2020-04-30,9859.9,3.2088220362490594
2020-05-04,9293.5,-5.744480167141653
2020-05-05,9205.6,-0.9458223489535622
2020-05-06,9270.9,0.7093508299296003
2020-05-07,9199.05,-0.7750056628806345
2020-05-08,9251.5,0.5701675716514254
2020-05-11,9239.2,-0.13295141328432125
2020-05-12,9196.55,-0.4616200536843196
2020-05-13,9383.55,2.033371209855872
2020-05-14,9142.75,-2.5661929653489235
2020-05-15,9136.85,-0.06453200623444122
2020-05-18,8823.25,-3.432255098857928
2020-05-19,8879.1,0.6329867112458532
2020-05-20,9066.55,2.111137390050777
2020-05-21,9106.25,0.4378732814576791
2020-05-22,9039.25,-0.735758407687026
2020-05-26,9029.05,-0.11284122023398346
2020-05-27,9314.95,3.166446082367491
2020-05-28,9490.1,1.8803106833638283
2020-05-29,9580.3,0.9504641679223491
2020-06-01,9826.15,2.566203563562741
2020-06-02,9979.1,1.556560809676233
2020-06-03,10061.55,0.826226814041342
2020-06-04,10029.1,-0.3225149206633082
2020-06-05,10142.15,1.1272197904099057
2020-06-08,10167.45,0.2494540112303767
2020-06-09,10046.65,-1.188105178781318
2020-06-10,10116.15,0.6917728795170497
2020-06-11,9902.0,-2.1169120663493524
2020-06-12,9972.9,0.7160169662694393
2020-06-15,9813.7,-1.596326043578089
2020-06-16,9914.0,1.0220406166889129
2020-06-17,9881.15,-0.33134960661690416
2020-06-18,10091.65,2.1303188394063532
2020-06-19,10244.4,1.5136276030183415
2020-06-22,10311.2,0.6520635664363006
2020-06-23,10471.0,1.5497711226627242
2020-06-24,10305.3,-1.5824658580842366
2020-06-25,10288.9,-0.15914141267114879
2020-06-26,10383.0,0.9145778460282417
2020-06-29,10312.4,-0.6799576230376636
2020-06-30,10302.1,-0.09987975640974867
2020-07-01,10430.05,1.241979790528136
2020-07-02,10551.7,1.1663414844607756
2020-07-03,10607.35,0.5274031672621415
2020-07-06,10763.65,1.4735065779860168
2020-07-07,10799.65,0.3344590357360122
2020-07-08,10705.75,-0.8694726217979287
2020-07-09,10813.45,1.006001447820104
2020-07-10,10768.05,-0.41984750472792154
2020-07-13,10802.7,0.32178528145765384
2020-07-14,10607.35,-1.8083442102437397
2020-07-15,10618.2,0.10228756475463285
2020-07-16,10739.95,1.1466161873010527
2020-07-17,10901.7,1.5060591529755696
2020-07-20,11022.2,1.1053321958960582
2020-07-21,11162.25,1.2706174810836135
2020-07-22,11132.6,-0.2656274496629196
2020-07-23,11215.45,0.7442106965129369
2020-07-24,11194.15,-0.18991658827778313
2020-07-27,11131.8,-0.5569873550023918
2020-07-28,11300.55,1.5159273432868048
2020-07-29,11202.85,-0.8645596895726193
2020-07-30,11102.15,-0.8988784104045022
2020-07-31,11073.45,-0.2585084870948329
2020-08-03,10891.6,-1.6422162921221561
2020-08-04,11095.25,1.8697895625986893
2020-08-05,11101.65,0.05768234154255314
2020-08-06,11200.15,0.8872554980565939
2020-08-07,11214.05,0.12410548073016336
2020-08-10,11270.15,0.5002652922004192
2020-08-11,11322.5,0.4645013597867065
2020-08-12,11308.4,-0.12453080150144347
2020-08-13,11300.45,-0.07030172261326406
2020-08-14,11178.4,-1.080045484914327
2020-08-17,11247.1,0.6145781149359486
2020-08-18,11385.35,1.229205750815776
2020-08-19,11408.4,0.2024531525161688
2020-08-20,11312.2,-0.8432383156270706
2020-08-21,11371.6,0.5250967981471399
2020-08-24,11466.45,0.8340954658974997
2020-08-25,11472.25,0.05058235112000986
2020-08-26,11549.6,0.6742356556037388
2020-08-27,11559.25,0.08355267714899028
2020-08-28,11647.6,0.7643229448277333
2020-08-31,11387.5,-2.2330780589992827
2020-09-01,11470.25,0.7266739846322645
2020-09-02,11535.0,0.5645038251127943
2020-09-03,11527.45,-0.06545296922408905
2020-09-04,11333.85,-1.6794694403359012
2020-09-07,11355.05,0.1870502962364906
2020-09-08,11317.35,-0.33201086741140307
2020-09-09,11278.0,-0.3476962363097358
2020-09-10,11449.25,1.5184429863450921
2020-09-11,11464.45,0.1327597877590403
2020-09-14,11440.05,-0.21283184103905173
2020-09-15,11521.8,0.714594778868971
2020-09-16,11604.55,0.7182037528858265
2020-09-17,11516.1,-0.762201033215415
2020-09-18,11504.95,-0.09682097237779796
2020-09-21,11250.55,-2.2112221261283316
2020-09-22,11153.65,-0.8612912257622951
2020-09-23,11131.85,-0.1954517131163236
2020-09-24,10805.55,-2.931228861330337
2020-09-25,11050.25,2.2645769997825305
2020-09-28,11227.55,1.6044885862310787
2020-09-29,11222.4,-0.04586931253923732
2020-09-30,11247.55,0.2241053607071608
2020-10-01,11416.95,1.5061057741463824
2020-10-05,11503.35,0.7567695400260144
2020-10-06,11662.4,1.3826407090108406
2020-10-07,11738.85,0.6555254493071816
2020-10-08,11834.6,0.8156676335416169
2020-10-09,11914.2,0.672604059283799
2020-10-12,11930.95,0.14058854140437393
2020-10-13,11934.5,0.02975454594982274
2020-10-14,11971.05,0.30625497507226207
2020-10-15,11680.35,-2.428358414675391
2020-10-16,11762.45,0.7028898962788022
2020-10-19,11873.05,0.9402802987472647
2020-10-20,11896.8,0.20003284749916528
2020-10-21,11937.65,0.343369645618985
2020-10-22,11896.45,-0.3451265533836123
2020-10-23,11930.35,0.2849589583447054
2020-10-26,11767.75,-1.362910560042252
2020-10-27,11889.4,1.033757515242928
2020-10-28,11729.6,-1.3440543677561423
2020-10-29,11670.8,-0.5012958668667356
2020-10-30,11642.4,-0.24334235870719922
2020-11-02,11669.15,0.2297636226207711
2020-11-03,11813.5,1.237022405230892
2020-11-04,11908.5,0.8041647267956087
2020-11-05,12120.3,1.778561531679057
2020-11-06,12263.55,1.1819014380832105
2020-11-09,12461.05,1.6104635280974833
2020-11-10,12631.1,1.3646522564310537
2020-11-11,12749.15,0.9345979368384327
2020-11-12,12690.8,-0.45767757066157433
2020-11-13,12719.95,0.229693951523946
2020-11-14,12780.25,0.47405846721095823
2020-11-17,12874.2,0.7351186400892162
2020-11-18,12938.25,0.4975066411893492
2020-11-19,12771.7,-1.2872683709156951
2020-11-20,12859.05,0.6839340103510061
2020-11-23,12926.45,0.5241444741252321
2020-11-24,13055.15,0.9956329850809631
2020-11-25,12858.4,-1.5070680919024304
2020-11-26,12987.0,1.000124432277727
2020-11-27,12968.95,-0.1389851389851371
2020-12-01,13109.05,1.0802724970024435
2020-12-02,13113.75,0.035853093855009455
2020-12-03,13133.9,0.153655514250306
2020-12-04,13258.55,0.949070725374801
2020-12-07,13355.75,0.7331118410384363
2020-12-08,13392.95,0.2785317185481917
2020-12-09,13529.1,1.016579618381308
2020-12-10,13478.3,-0.37548691339409634
2020-12-11,13513.85,0.26375729876915166
2020-12-14,13558.15,0.3278118374852479
2020-12-15,13567.85,0.07154368405719591
2020-12-16,13682.7,0.8464863629830788
2020-12-17,13740.7,0.4238929451058526
2020-12-18,13760.55,0.14446134476409078
2020-12-21,13328.4,-3.1404994713147394
2020-12-22,13466.3,1.034632814141223
2020-12-23,13601.1,1.0010173544329204
2020-12-24,13749.25,1.0892501341803307
2020-12-28,13873.2,0.9015037183846442
2020-12-29,13932.6,0.42816365366318276
2020-12-30,13981.95,0.35420524525213715
2020-12-31,13981.75,-0.001430415643033367
2021-01-01,14018.5,0.26284263414808606
2021-01-04,14132.9,0.8160644862146516
2021-01-05,14199.5,0.47124086351704175
2021-01-06,14146.25,-0.37501320469031096
2021-01-07,14137.35,-0.06291419987628499
2021-01-08,14347.25,1.4847195549378078
2021-01-11,14484.75,0.9583718134137165
2021-01-12,14563.45,0.5433300540223396
2021-01-13,14564.85,0.009613106784445158
2021-01-14,14595.6,0.21112472837001572
2021-01-15,14433.7,-1.1092384006138767
2021-01-18,14281.3,-1.0558623222042929
2021-01-19,14521.15,1.6794689559073817
2021-01-20,14644.7,0.8508279302947841
2021-01-21,14590.35,-0.3711240243910785
2021-01-22,14371.9,-1.4972224792414224
2021-01-25,14238.9,-0.9254169594834383
2021-01-27,13967.5,-1.9060461131126694
2021-01-28,13817.55,-1.0735636298550233
2021-01-29,13634.6,-1.3240408031814588
2021-02-01,14281.2,4.742346676836884
2021-02-02,14647.85,2.5673612861664363
2021-02-03,14789.95,0.9701082411411877
2021-02-04,14895.65,0.7146744918001602
2021-02-05,14924.25,0.19200236310601415
2021-02-08,15115.8,1.2834815819890322
2021-02-09,15109.3,-0.04300136281242262
2021-02-10,15106.5,-0.01853163283540571
2021-02-11,15173.3,0.44219375765397473
2021-02-12,15163.3,-0.06590524144385324
2021-02-15,15314.7,0.9984633951712452
2021-02-16,15313.45,-0.008162092629959705
2021-02-17,15208.9,-0.6827331528819536
2021-02-18,15118.95,-0.591430017950012
2021-02-19,14981.75,-0.907470426187007
2021-02-22,14675.7,-2.0428187628281025
2021-02-23,14707.8,0.21872891923382376
2021-02-24,14982.0,1.8643168930771559
2021-02-25,15097.35,0.7699239086904397
2021-02-26,14529.15,-3.7635744021301765
2021-03-01,14761.55,1.5995429877177836
2021-03-02,14919.1,1.0672998431736636
2021-03-03,15245.6,2.188469813862759
2021-03-04,15080.75,-1.0812955869234475
2021-03-05,14938.1,-0.9459078626726125
2021-03-08,14956.2,0.12116668117096996
2021-03-09,15098.4,0.9507762666987496
2021-03-10,15174.8,0.5060138822656768
2021-03-12,15030.95,-0.9479531855444479
2021-03-15,14929.5,-0.674940705677296
2021-03-16,14910.45,-0.1275997186777844
2021-03-17,14721.3,-1.2685733830971047
2021-03-18,14557.85,-1.1102959657095401
2021-03-19,14744.0,1.2786915650319308
2021-03-22,14736.4,-0.051546391752577136
2021-03-23,14814.75,0.5316766645856452
2021-03-24,14549.4,-1.791120336151475
2021-03-25,14324.9,-1.5430189561081553
2021-03-26,14507.3,1.2733073180266397
2021-03-30,14845.1,2.3284829017115705
2021-03-31,14690.7,-1.0400738290749056
2021-04-01,14867.35,1.2024614211712192
2021-04-05,14637.8,-1.5439873279367244
2021-04-06,14683.5,0.3122053860552976
2021-04-07,14819.05,0.9231450267306762
2021-04-08,14873.8,0.36945688151399647
2021-04-09,14834.85,-0.2618698651319695
2021-04-12,14310.8,-3.5325601539617946
2021-04-13,14504.8,1.3556195321016373
2021-04-15,14581.45,0.5284457558877076
2021-04-16,14617.85,0.2496322382204763
2021-04-19,14359.45,-1.7677018166146197
2021-04-20,14296.4,-0.439083669639162
2021-04-22,14406.15,0.7676757785176624
2021-04-23,14341.35,-0.449807894545029
2021-04-26,14485.0,1.0016490776670217
2021-04-27,14653.05,1.1601656886434109
2021-04-28,14864.55,1.4433855067716328
2021-04-29,14894.9,0.20417705211392967
2021-04-30,14631.1,-1.7710760058812003
2021-05-03,14634.15,0.02084600611027554
2021-05-04,14496.5,-0.9406080981813059
2021-05-05,14617.85,0.8370986100093125
2021-05-06,14724.8,0.7316397418224874
2021-05-07,14823.15,0.6679207866999937
2021-05-10,14942.35,0.8041475664754216
2021-05-11,14850.75,-0.6130227173101965
2021-05-12,14696.5,-1.03866808073666
2021-05-14,14677.8,-0.1272411798727613
2021-05-17,14923.15,1.671572033956048
2021-05-18,15108.1,1.2393496011230853
2021-05-19,15030.15,-0.5159483985411883
2021-05-20,14906.05,-0.8256737291377658
2021-05-21,15175.3,1.8063135438295186
2021-05-24,15197.7,0.14760828451498842
2021-05-25,15208.45,0.07073438744020777
2021-05-26,15301.45,0.6115021583396052
2021-05-27,15337.85,0.23788595198495077
2021-05-28,15435.65,0.6376382609035725
2021-05-31,15582.8,0.953312623699043
2021-06-01,15574.85,-0.0510177888440988
2021-06-02,15576.2,0.008667820235830348
2021-06-03,15690.35,0.7328488334767069
2021-06-04,15670.25,-0.12810421692314167
2021-06-07,15751.65,0.5194556564189989
2021-06-08,15740.1,-0.07332565159839932
2021-06-09,15635.35,-0.66549767790548
2021-06-10,15737.75,0.6549261769004167
2021-06-11,15799.35,0.39141554542421186
2021-06-14,15811.85,0.07911717887127967
2021-06-15,15869.25,0.36301887508418673
2021-06-16,15767.55,-0.640862044520063
2021-06-17,15691.4,-0.48295391484409755
2021-06-18,15683.35,-0.05130198707571365
2021-06-21,15746.5,0.40265632023770426
2021-06-22,15772.75,0.16670371193598932
2021-06-23,15686.95,-0.5439761614176253
2021-06-24,15790.45,0.6597840880476991
2021-06-25,15860.35,0.4426726280758242
2021-06-28,15814.7,-0.2878246696951803
2021-06-29,15748.45,-0.41891404832212764
2021-06-30,15721.5,-0.17112795227467448
2021-07-01,15680.0,-0.2639697229908089
2021-07-02,15722.2,0.2691326530612326
2021-07-05,15834.35,0.7133225630000961
2021-07-06,15818.25,-0.10167768174885738
2021-07-07,15879.65,0.388159246440023
2021-07-08,15727.9,-0.9556255962820392
2021-07-09,15689.8,-0.24224467347834233
2021-07-12,15692.6,0.017845989113962624
2021-07-13,15812.35,0.7630985305175697
2021-07-14,15853.95,0.26308549962530403
2021-07-15,15924.2,0.4431072382592438
2021-07-16,15923.4,-0.005023800253711741
2021-07-19,15752.4,-1.0738912543803436
2021-07-20,15632.1,-0.763693151519762
2021-07-22,15824.05,1.2279220322285456
2021-07-23,15856.05,0.2022238301825352
2021-07-26,15824.45,-0.19929301433836422
2021-07-27,15746.45,-0.4929081263487789
2021-07-28,15709.4,-0.23529112911164773
2021-07-29,15778.45,0.4395457496785493
2021-07-30,15763.05,-0.09760147543010911
2021-08-02,15885.15,0.7745962868860978
2021-08-03,16130.75,1.54609808531867
2021-08-04,16258.8,0.7938254575887704
2021-08-05,16294.6,0.2201884517922581
2021-08-06,16238.2,-0.34612693775851744
2021-08-09,16258.25,0.12347427670553746
2021-08-10,16280.1,0.13439330801285898
2021-08-11,16282.25,0.013206307086566227
2021-08-12,16364.4,0.5045371493497486
2021-08-13,16529.1,1.006453032191823
2021-08-16,16563.05,0.20539533307923907
2021-08-17,16614.6,0.31123494766964743
2021-08-18,16568.85,-0.2753602253439791
2021-08-20,16450.5,-0.7142921808091618
2021-08-23,16496.45,0.2793228169356565
2021-08-24,16624.6,0.7768338036365341
2021-08-25,16634.65,0.06045258231779371
2021-08-26,16636.9,0.013525983414131026
2021-08-27,16705.2,0.41053321231718787
2021-08-30,16931.05,1.3519742355673658
2021-08-31,17132.2,1.188053900968944
2021-09-01,17076.25,-0.32657802267076486
2021-09-02,17234.15,0.9246760852060776
2021-09-03,17323.6,0.5190276282845296
2021-09-06,17377.8,0.31286799510494845
2021-09-07,17362.1,-0.09034515301131751
2021-09-08,17353.5,-0.04953317859014428
2021-09-09,17369.25,0.09075978909154347
2021-09-13,17355.3,-0.08031434863337017
2021-09-14,17380.0,0.14231963722897145
2021-09-15,17519.45,0.8023590333716912
2021-09-16,17629.5,0.6281589890093642
2021-09-17,17585.15,-0.25156697580758225
2021-09-20,17396.9,-1.0705055117528173
2021-09-21,17562.0,0.9490196529266637
2021-09-22,17546.65,-0.08740462361916945
2021-09-23,17822.95,1.574659550398505
2021-09-24,17853.2,0.16972498940972525
2021-09-27,17855.1,0.010642349830836118
2021-09-28,17748.6,-0.5964682359661966
2021-09-29,17711.3,-0.2101574208669965
2021-09-30,17618.15,-0.5259354197602484
2021-10-01,17532.05,-0.4887005729886651
2021-10-04,17691.25,0.9080512547021025
2021-10-05,17822.3,0.7407616759697477
2021-10-06,17646.0,-0.989210146838504
2021-10-07,17790.35,0.818032415278247
2021-10-08,17895.2,0.5893644588217839
2021-10-11,17945.95,0.2835956010550422
2021-10-12,17991.95,0.25632524330001516
2021-10-13,18161.75,0.9437554017213134
2021-10-14,18338.55,0.9734744724489541
2021-10-18,18477.05,0.7552396454463484
2021-10-19,18418.75,-0.31552655862272516
2021-10-20,18266.6,-0.8260604004072025
2021-10-21,18178.1,-0.4844908193095576
2021-10-22,18114.9,-0.34767109873967694
2021-10-25,18125.4,0.057963334050969983
2021-10-26,18268.4,0.7889481059728309
2021-10-27,18210.95,-0.31447745834337626
2021-10-28,17857.25,-1.9422380490858537
2021-10-29,17671.65,-1.0393537638774042
2021-11-01,17929.65,1.4599655380227672
2021-11-02,17888.95,-0.22699829611844136
2021-11-03,17829.2,-0.3340050701690189
2021-11-04,17916.8,0.4913288313552977
2021-11-08,18068.55,0.8469704411502077
2021-11-09,18044.25,-0.13448782553109329
2021-11-10,18017.2,-0.14990925086938445
2021-11-11,17873.6,-0.7970161845347934
2021-11-12,18102.75,1.282058454927948
2021-11-15,18109.45,0.037010951374805146
2021-11-16,17999.2,-0.608798168911806
2021-11-17,17898.65,-0.5586359393750739
2021-11-18,17764.8,-0.747821763093881
2021-11-22,17416.55,-1.9603372962262444
2021-11-23,17503.35,0.49837654414910393
2021-11-24,17415.05,-0.5044748576701008
2021-11-25,17536.25,0.6959497675860904
2021-11-26,17026.45,-2.907120963718013
2021-11-29,17053.95,0.16151341001793273
2021-11-30,16983.2,-0.4148599004922593
2021-12-01,17166.9,1.0816571670827724
2021-12-02,17401.65,1.3674571413592407
2021-12-03,17196.7,-1.1777618789022948
2021-12-06,16912.25,-1.6540964254769808
2021-12-07,17176.7,1.563659477597601
2021-12-08,17469.75,1.7060902268771105
2021-12-09,17516.85,0.2696088953762832
2021-12-10,17511.3,-0.03168377876159312
2021-12-13,17368.25,-0.8169010867268511
2021-12-14,17324.9,-0.24959336720740133
2021-12-15,17221.4,-0.5974060456337416
2021-12-16,17248.4,0.1567816786091747
2021-12-17,16985.2,-1.5259386377866946
2021-12-20,16614.2,-2.1842545274709746
2021-12-21,16770.85,0.9428681489328294
2021-12-22,16955.45,1.1007194030117962
2021-12-23,17072.6,0.6909282855954713
2021-12-24,17003.75,-0.40327776671390536
2021-12-27,17086.25,0.4851870910828504
2021-12-28,17233.25,0.8603409174043453
2021-12-29,17213.6,-0.11402376220388533
2021-12-30,17203.95,-0.0560603243946467
2021-12-31,17354.05,0.8724740539236553
2022-01-03,17625.7,1.5653406553513438
2022-01-04,17805.25,1.018682945925553
2022-01-05,17925.25,0.6739585234692091
2022-01-06,17745.9,-1.0005439254682558
2022-01-07,17812.7,0.37642497703693767
2022-01-10,18003.3,1.0700230734251415
2022-01-11,18055.75,0.2913354773847132
2022-01-12,18212.35,0.8673137366213002
2022-01-13,18257.8,0.2495559331991748
2022-01-14,18255.75,-0.011228077862612817
2022-01-17,18308.1,0.2867589663530623
2022-01-18,18113.05,-1.065375434916782
2022-01-19,17938.4,-0.9642219283886311
2022-01-20,17757.0,-1.0112384605093117
2022-01-21,17617.15,-0.7875767303035297
2022-01-24,17149.1,-2.6567861430481288
2022-01-25,17277.95,0.7513513828714125
2022-01-27,17110.15,-0.9711800300382767
2022-01-28,17101.95,-0.04792476980038929
2022-01-31,17339.85,1.3910694394498657
2022-02-01,17576.85,1.3667938303964622
2022-02-02,17780.0,1.1557816104706076
2022-02-03,17560.2,-1.236220472440941
2022-02-04,17516.3,-0.24999715265202616
2022-02-07,17213.6,-1.7281046796412514
2022-02-08,17266.75,0.3087674861737222
2022-02-09,17463.8,1.1412107084425305
2022-02-10,17605.85,0.8133968552090476
2022-02-11,17374.75,-1.3126318808804993
2022-02-14,16842.8,-3.0616267859969293
2022-02-15,17352.45,3.0259220557152133
2022-02-16,17322.2,-0.1743269682379145
2022-02-17,17304.6,-0.10160372239093052
2022-02-18,17276.3,-0.1635403303167915
2022-02-21,17206.65,-0.40315345299628547
2022-02-22,17092.2,-0.6651498112648313
2022-02-23,17063.25,-0.1693755046161427
2022-02-24,16247.95,-4.7781049917219764
2022-02-25,16658.4,2.5261648392566505
2022-02-28,16793.9,0.8134034481102725
2022-03-02,16605.95,-1.1191563603451304
2022-03-03,16498.05,-0.6497671015509576
2022-03-04,16245.35,-1.5316961701534404
2022-03-07,15863.15,-2.3526732264925077
2022-03-08,16013.45,0.9474789055137212
2022-03-09,16345.35,2.072632693142329
2022-03-10,16594.9,1.5267339029142901
2022-03-11,16630.45,0.21422244183453287
2022-03-14,16871.3,1.4482470408196946
2022-03-15,16663.0,-1.2346410768583338
2022-03-16,16975.35,1.8745123927264018
2022-03-17,17287.05,1.836191890005212
2022-03-21,17117.6,-0.9802135124269418
2022-03-22,17315.5,1.156120016824791
2022-03-23,17245.65,-0.40339580144955756
2022-03-24,17222.75,-0.1327871086332033
2022-03-25,17153.0,-0.4049875890900112
2022-03-28,17222.0,0.4022619949862971
2022-03-29,17325.3,0.5998141911508492
2022-03-30,17498.25,0.9982511125348426
2022-03-31,17464.75,-0.1914477162001882
2022-04-01,17670.45,1.1778009991554539
2022-04-04,18053.4,2.1671774063478866
2022-04-05,17957.4,-0.5317557911529103
2022-04-06,17807.65,-0.8339180504972843
2022-04-07,17639.55,-0.9439763247817812
2022-04-08,17784.35,0.8208826188876639
2022-04-11,17674.95,-0.6151475876261858
2022-04-12,17530.3,-0.8183898681467405
2022-04-13,17475.65,-0.31174594844354253
2022-04-18,17173.65,-1.7281188396425895
2022-04-19,16958.65,-1.251917909122402
2022-04-20,17136.55,1.0490221804211775
2022-04-21,17392.6,1.4941747317867238
2022-04-22,17171.95,-1.2686429860975235
2022-04-25,16953.95,-1.2695121986728397
2022-04-26,17200.8,1.456002878385254
2022-04-27,17038.4,-0.9441421329240418
2022-04-28,17245.05,1.2128486242839465
2022-04-29,17102.55,-0.8263240756043011
2022-05-02,17069.1,-0.19558486892305993
2022-05-04,16677.6,-2.293618292704358
2022-05-05,16682.65,0.03028013623065373
2022-05-06,16411.25,-1.6268398605737144
2022-05-09,16301.85,-0.6666158884911288
2022-05-10,16240.05,-0.37909807782553484
2022-05-11,16167.1,-0.4491981243900045
2022-05-12,15808.0,-2.2211775766835085
2022-05-13,15782.15,-0.16352479757085758
2022-05-16,15842.3,0.3811267793044637
2022-05-17,16259.3,2.632193557753615
2022-05-18,16240.3,-0.11685619922137125
2022-05-19,15809.4,-2.6532761094314794
2022-05-20,16266.15,2.889103950814076
2022-05-23,16214.7,-0.316301030053201
2022-05-24,16125.15,-0.5522766378656452
2022-05-25,16025.8,-0.6161182996747394
2022-05-26,16170.15,0.900735064708158
2022-05-27,16352.45,1.1273859549849607
2022-05-30,16661.4,1.8893193374693196
2022-05-31,16584.55,-0.4612457536581682
2022-06-01,16522.75,-0.37263597746094446
2022-06-02,16628.0,0.6370004993115463
2022-06-03,16584.3,-0.26280971854703017
2022-06-06,16569.55,-0.088939539202737
2022-06-07,16416.35,-0.9245875717807661
2022-06-08,16356.25,-0.36609843235554385
2022-06-09,16478.1,0.7449751623996859
2022-06-10,16201.8,-1.6767709869463077
2022-06-13,15774.4,-2.6379784962164643
2022-06-14,15732.1,-0.2681559995942773
2022-06-15,15692.15,-0.2539393977917803
2022-06-16,15360.6,-2.112839859420146
2022-06-17,15293.5,-0.43683189458745275
2022-06-20,15350.15,0.3704188053748281
2022-06-21,15638.8,1.8804376504464093
2022-06-22,15413.3,-1.4419264905235707
2022-06-23,15556.65,0.9300409386698627
2022-06-24,15699.25,0.916649792853863
2022-06-27,15832.05,0.845900281860601
2022-06-28,15850.2,0.11464087089165798
2022-06-29,15799.1,-0.322393408285071
2022-06-30,15780.25,-0.1193105936414085
2022-07-01,15752.05,-0.17870439314966458
2022-07-04,15835.35,0.528820058341628
2022-07-05,15810.85,-0.15471713602793757
2022-07-06,15989.8,1.1318177074603808
2022-07-07,16132.9,0.8949455277739604
2022-07-08,16220.6,0.5436096424077608
2022-07-11,16216.0,-0.028359000283595392
2022-07-12,16058.3,-0.9724962999506759
2022-07-13,15966.65,-0.5707328920246835
2022-07-14,15938.65,-0.17536552752143164
2022-07-15,16049.2,0.6935970110392153
2022-07-18,16278.5,1.4287316501756964
2022-07-19,16340.55,0.38117762693121726
2022-07-20,16520.85,1.1033900327712232
2022-07-21,16605.25,0.5108695981139055
2022-07-22,16719.45,0.6877343008988124
2022-07-25,16631.0,-0.5290245791578108
2022-07-26,16483.85,-0.8847934580001326
2022-07-27,16641.8,0.9582106122052902
2022-07-28,16929.6,1.7293802353110843
2022-07-29,17158.25,1.3505930441357172
2022-08-01,17340.05,1.0595486136406596
2022-08-02,17345.45,0.031141778714594004
2022-08-03,17388.15,0.24617406870390823
2022-08-04,17382.0,-0.035368915036970705
2022-08-05,17397.5,0.08917270739845495
2022-08-08,17525.1,0.7334387124586783
2022-08-10,17534.75,0.055063879806693805
2022-08-11,17659.0,0.7085929368824795
2022-08-12,17698.15,0.22169998301151406
2022-08-16,17825.25,0.7181541573554107
2022-08-17,17944.25,0.6675923198833145
2022-08-18,17956.5,0.06826699360520383
2022-08-19,17758.45,-1.1029432239022086
2022-08-22,17490.7,-1.5077329384039717
2022-08-23,17577.5,0.49626372872439983
2022-08-24,17604.95,0.15616555255297815
2022-08-25,17522.45,-0.46861820113093255
2022-08-26,17558.9,0.2080188558106988
2022-08-29,17312.9,-1.400998923622776
2022-08-30,17759.3,2.5784241808131325
2022-09-01,17542.8,-1.2190795808393329
2022-09-02,17539.45,-0.019096153407660577
2022-09-05,17665.8,0.7203760665243086
2022-09-06,17655.6,-0.05773868152022521
2022-09-07,17624.4,-0.17671447019640407
2022-09-08,17798.75,0.9892535348720921
2022-09-09,17833.35,0.19439567385348688
2022-09-12,17936.35,0.5775695536733183
2022-09-13,18070.05,0.7454136432440306
2022-09-14,18003.75,-0.36690545958644183
2022-09-15,17877.4,-0.7017982364785014
2022-09-16,17530.85,-1.9384809871681674
2022-09-19,17622.25,0.5213666194166411
2022-09-20,17816.25,1.1008809885230342
2022-09-21,17718.35,-0.549498351224309
2022-09-22,17629.8,-0.49976436857833706
2022-09-23,17327.35,-1.7155611521401326
2022-09-26,17016.3,-1.795138898908366
2022-09-27,17007.4,-0.05230279202880217
2022-09-28,16858.6,-0.8749132730458631
2022-09-29,16818.1,-0.24023347134399797
2022-09-30,17094.35,1.6425755584756896
2022-10-03,16887.35,-1.2109264172080247
2022-10-04,17274.3,2.2913601009039386
2022-10-06,17331.8,0.33286442865991805
2022-10-07,17314.65,-0.09895106105538565
2022-10-10,17241.0,-0.425362337673596
2022-10-11,16983.55,-1.4932428513427354
2022-10-12,17123.6,0.8246214719537459
2022-10-13,17014.35,-0.6380083627274602
2022-10-14,17185.7,1.0070910731235783
2022-10-17,17311.8,0.7337495708641395
2022-10-18,17486.95,1.0117376587067906
2022-10-19,17512.25,0.14467931800570266
2022-10-20,17563.95,0.2952219160873071
2022-10-21,17576.3,0.07031447937393409
2022-10-24,17730.75,0.8787401216410862
2022-10-25,17656.35,-0.4196099995770197
2022-10-27,17736.95,0.4564929897742376
2022-10-28,17786.8,0.28105170280121605
2022-10-31,18012.2,1.267231879821007
2022-11-01,18145.4,0.7394987841573997
2022-11-02,18082.85,-0.3447154650765616
2022-11-03,18052.7,-0.16673256704555772
2022-11-04,18117.15,0.3570103087072951
2022-11-07,18202.8,0.47275647659812403
2022-11-09,18157.0,-0.25160964247258333
2022-11-10,18028.2,-0.7093682877127194
2022-11-11,18349.7,1.7833172474234882
2022-11-14,18329.15,-0.11199093173185348
2022-11-15,18403.4,0.4050924347282825
2022-11-16,18409.65,0.033961115880765114
2022-11-17,18343.9,-0.35714964706010655
2022-11-18,18307.65,-0.19761337556354341
2022-11-21,18159.95,-0.8067665702588878
2022-11-22,18244.2,0.46393299541023225
2022-11-23,18267.25,0.12634152223720552
2022-11-24,18484.1,1.1870971273727493
2022-11-25,18512.75,0.1549980794304462
2022-11-28,18562.75,0.27008413120686026
2022-11-29,18618.05,0.2979084456774972
2022-11-30,18758.35,0.7535697884579751
2022-12-01,18812.5,0.28867144498316843
2022-12-02,18696.1,-0.618737541528247
2022-12-05,18701.05,0.026476109990847263
2022-12-06,18642.75,-0.31174720136034617
2022-12-07,18560.5,-0.4411902750398933
2022-12-08,18609.35,0.2631933406966436
2022-12-09,18496.6,-0.6058782278800745
2022-12-12,18497.15,0.0029735194576385737
2022-12-13,18608.0,0.5992815109354677
2022-12-14,18660.3,0.2810619088563948
2022-12-15,18414.9,-1.3150913972444056
2022-12-16,18269.0,-0.7922931973564973
2022-12-19,18420.45,0.8289999452624652
2022-12-20,18385.3,-0.1908205282715736
2022-12-21,18199.1,-1.0127656334136592
2022-12-22,18127.35,-0.3942502651229973
2022-12-23,17806.8,-1.7683224519855267
2022-12-26,18014.6,1.1669699216029894
2022-12-27,18132.3,0.6533589421913399
2022-12-28,18122.5,-0.05404719754250609
2022-12-29,18191.0,0.377983170092433
2022-12-30,18105.3,-0.47111208839536456
2023-01-02,18197.45,0.5089669875671943
2023-01-03,18232.55,0.19288416783669327
2023-01-04,18042.95,-1.039898423424035
2023-01-05,17992.15,-0.2815504116566281
2023-01-06,17859.45,-0.7375438733003059
2023-01-09,18101.2,1.3536251116355702
2023-01-10,17914.15,-1.0333569045146151
2023-01-11,17895.7,-0.10299121085846075
2023-01-12,17858.2,-0.20954754494096894
2023-01-13,17956.6,0.5510073803630666
2023-01-16,17894.85,-0.34388469977613134
2023-01-17,18053.3,0.8854502831820321
2023-01-18,18165.35,0.6206621504101673
2023-01-19,18107.85,-0.3165367031188526
2023-01-20,18027.65,-0.44290183539181793
2023-01-23,18118.55,0.5042254536780977
2023-01-24,18118.3,-0.0013798013637988937
2023-01-25,17891.95,-1.2492893924926696
2023-01-27,17604.35,-1.6074268036742945
2023-01-30,17648.95,0.25334647402490695
2023-01-31,17662.15,0.07479198479229954
2023-02-01,17616.3,-0.25959466995808533
2023-02-02,17610.4,-0.03349170938277135
2023-02-03,17854.05,1.38355744332892
2023-02-06,17764.6,-0.5010067743733249
2023-02-07,17721.5,-0.242617340103346
2023-02-08,17871.7,0.8475580509550662
2023-02-09,17893.45,0.12170078951638796
2023-02-10,17856.5,-0.20650014390740656
2023-02-13,17770.9,-0.4793772575812594
2023-02-14,17929.85,0.8944397863923426
2023-02-15,18015.85,0.47964706899388254
2023-02-16,18035.85,0.11101335768226583
2023-02-17,17944.2,-0.5081545921040487
2023-02-20,17844.6,-0.5550540007356219
2023-02-21,17826.7,-0.10031045806573324
2023-02-22,17554.3,-1.528045011134993
2023-02-23,17511.25,-0.245239058236435
2023-02-24,17465.8,-0.25954743379256184
2023-02-27,17392.7,-0.41853221724741374
2023-02-28,17303.95,-0.5102715507080524
2023-03-01,17450.9,0.8492280664241347
2023-03-02,17321.9,-0.7392168885272388
2023-03-03,17594.35,1.5728644086387522
2023-03-06,17711.45,0.6655545672332508
2023-03-08,17754.4,0.2424984967351662
2023-03-09,17589.6,-0.9282206101023038
2023-03-10,17412.9,-1.0045708827943645
2023-03-13,17154.3,-1.4851058697862074
2023-03-14,17043.3,-0.6470680820552244
2023-03-15,16972.15,-0.41746610104849147
2023-03-16,16985.6,0.07924747306615743
2023-03-17,17100.05,0.6738060474755114
2023-03-20,16988.4,-0.6529220674793224
2023-03-21,17107.5,0.7010666101575191
2023-03-22,17151.9,0.25953529153881494
2023-03-23,17076.9,-0.43726934042293
2023-03-24,16945.05,-0.7720956379670962
2023-03-27,16985.7,0.23989306611666983
2023-03-28,16951.7,-0.20016837692883316
2023-03-29,17080.7,0.7609856238607327
2023-03-31,17359.75,1.6337152458622883
2023-04-03,17398.05,0.22062529702329137
2023-04-05,17557.05,0.9138955227740997
2023-04-06,17599.15,0.2397897141034555
2023-04-10,17624.05,0.14148410576646508
2023-04-11,17722.3,0.5574768569085897
2023-04-12,17812.4,0.5083990227002344
2023-04-13,17828.0,0.08757943904245113
2023-04-17,17706.85,-0.6795490240071866
2023-04-18,17660.15,-0.2637397391404894
2023-04-19,17618.75,-0.2344260949086019
2023-04-20,17624.45,0.0323518978361248
2023-04-21,17624.05,-0.0022695743697065396
2023-04-24,17743.4,0.6771996221073051
2023-04-25,17769.25,0.14568797411995682
2023-04-26,17813.6,0.24958847447134058
2023-04-27,17915.05,0.569508689989684
2023-04-28,18065.0,0.8370057577288481
2023-05-02,18147.65,0.45751453086078087
2023-05-03,18089.85,-0.3184985383782646
2023-05-04,18255.8,0.9173652628407636
2023-05-05,18069.0,-1.0232364508813596
2023-05-08,18264.4,1.0814101499806439
2023-05-09,18265.95,0.008486454523559672
2023-05-10,18315.1,0.2690799000325539
2023-05-11,18297.0,-0.09882555923800274
2023-05-12,18314.8,0.0972837077116484
2023-05-15,18398.85,0.45891847030816724
2023-05-16,18286.5,-0.6106359908363723
2023-05-17,18181.75,-0.5728269488420423
2023-05-18,18129.95,-0.28490106837900653
2023-05-19,18203.4,0.40513073670915833
2023-05-22,18314.4,0.6097761956557646
2023-05-23,18348.0,0.1834621936836589
2023-05-24,18285.4,-0.3411816001744006
2023-05-25,18321.15,0.1955111728482839
2023-05-26,18499.35,0.9726463677225405
2023-05-29,18598.65,0.5367756164405879
2023-05-30,18633.85,0.18926104851695325
2023-05-31,18534.4,-0.5337061315831004
2023-06-01,18487.75,-0.25169414709945714
2023-06-02,18534.1,0.2507065489310456
2023-06-05,18593.85,0.3223787505193032
2023-06-06,18599.0,0.027697330031184464
2023-06-07,18726.4,0.684983063605582
2023-06-08,18634.55,-0.49048402255640333
2023-06-09,18563.4,-0.38181764518058214
2023-06-12,18601.5,0.20524257409741953
2023-06-13,18716.15,0.6163481439668939
2023-06-14,18755.9,0.2123834228727528
2023-06-15,18688.1,-0.3614862523259488
2023-06-16,18826.0,0.7379027295444818
2023-06-19,18755.45,-0.37474768936576197
2023-06-20,18816.7,0.32657174314665305
2023-06-21,18856.85,0.21337428985952478
2023-06-22,18771.25,-0.4539464438652163
2023-06-23,18665.5,-0.5633615236065759
2023-06-26,18691.2,0.1376871768771215
2023-06-27,18817.4,0.6751840438281143
2023-06-28,18972.1,0.8221114500408966
2023-06-30,19189.05,1.1435212759789426
2023-07-03,19322.55,0.6957092716940227
2023-07-04,19389.0,0.3438987090213397
2023-07-05,19398.5,0.04899685388621844
2023-07-06,19497.3,0.5093177307523788
2023-07-07,19331.8,-0.8488354797843822
2023-07-10,19355.9,0.12466505964268126
2023-07-11,19439.4,0.43139301194985435
2023-07-12,19384.3,-0.283444962293089
2023-07-13,19413.75,0.15192707500399916
2023-07-14,19564.5,0.7765114931427508
2023-07-17,19711.45,0.7511053183061112
2023-07-18,19749.25,0.19176671427012515
2023-07-19,19833.15,0.4248262592250418
2023-07-20,19979.15,0.7361412584486082
2023-07-21,19745.0,-1.1719717805812602
2023-07-24,19672.35,-0.3679412509496105
2023-07-25,19680.6,0.04193703345050093
2023-07-26,19778.3,0.49642795443227694
2023-07-27,19659.9,-0.5986358787155477
2023-07-28,19646.05,-0.07044796769059003
2023-07-31,19753.8,0.548456305465983
2023-08-01,19733.55,-0.10251192175683155
2023-08-02,19526.55,-1.0489749690248296
2023-08-03,19381.65,-0.7420665708996133
2023-08-04,19517.0,0.6983409565233023
2023-08-07,19597.3,0.4114361838397196
2023-08-08,19570.85,-0.13496757206350463
2023-08-09,19632.55,0.3152647943242215
2023-08-10,19543.1,-0.45562089489139534
2023-08-11,19428.3,-0.5874196007798149
2023-08-14,19434.55,0.03216956707483565
2023-08-16,19465.0,0.15667972759854099
2023-08-17,19365.25,-0.5124582584125403
2023-08-18,19310.15,-0.28453027975366973
2023-08-21,19393.6,0.43215614586109563
2023-08-22,19396.45,0.014695569672484865
2023-08-23,19444.0,0.24514795233148146
2023-08-24,19386.7,-0.29469245011314316
2023-08-25,19265.8,-0.6236234119267436
2023-08-28,19306.05,0.20891943236200916
2023-08-29,19342.65,0.18957787843707496
2023-08-30,19347.45,0.024815627641494586
2023-08-31,19253.8,-0.4840431167931758
2023-09-01,19435.3,0.9426710571419639
2023-09-04,19528.8,0.4810833895026123
2023-09-05,19574.9,0.23606161156857208
2023-09-06,19611.05,0.18467527292602703
2023-09-07,19727.05,0.591503259641879
2023-09-08,19819.95,0.4709269759036516
2023-09-11,19996.35,0.8900123360553236
2023-09-12,19993.2,-0.015752874899654934
2023-09-13,20070.0,0.38413060440549707
2023-09-14,20103.1,0.16492277030393243
2023-09-15,20192.35,0.4439613790907959
2023-09-18,20133.3,-0.29243748251194246
2023-09-20,19901.4,-1.1518230990448575
2023-09-21,19742.35,-0.7991900067332081
2023-09-22,19674.25,-0.34494373770092013
2023-09-25,19674.55,0.001524835762478638
2023-09-26,19664.7,-0.05006467746402343
2023-09-27,19716.45,0.26316190941126916
2023-09-28,19523.55,-0.978370852765087
2023-09-29,19638.3,0.5877517152362177
2023-10-03,19528.75,-0.5578385094432758
2023-10-04,19436.1,-0.47442872687705195
2023-10-05,19545.75,0.5641563893991064
2023-10-06,19653.5,0.5512707366051472
2023-10-09,19512.35,-0.7181926883252476
2023-10-10,19689.85,0.9096802794127834
2023-10-11,19811.35,0.6170692006287615
2023-10-12,19794.0,-0.08757606119723649
2023-10-13,19751.05,-0.21698494493280762
2023-10-16,19731.75,-0.09771632394226515
2023-10-17,19811.5,0.4041709427698992
2023-10-18,19671.1,-0.7086793024253635
2023-10-19,19624.7,-0.2358790306591807
2023-10-20,19542.65,-0.41809556324428065
2023-10-23,19281.75,-1.3350287704072983
2023-10-25,19122.15,-0.8277256991714887
2023-10-26,18857.25,-1.3853044767455636
2023-10-27,19047.25,1.0075700327460302
2023-10-30,19140.9,0.49167202614550654
2023-10-31,19079.6,-0.32025662325179116
2023-11-01,18989.15,-0.4740665422755086
2023-11-02,19133.25,0.7588543984327734
2023-11-03,19230.6,0.5088001254360819
2023-11-06,19411.75,0.9419882894969644
2023-11-07,19406.7,-0.02601517122361452
2023-11-08,19443.5,0.18962523252279428
2023-11-09,19395.3,-0.24789775503382128
2023-11-10,19425.35,0.1549344428804833
2023-11-12,19525.55,0.5158208217612481
2023-11-13,19443.55,-0.41996256187405434
2023-11-15,19675.45,1.1926834348665816
2023-11-16,19765.2,0.45615220998758144
2023-11-17,19731.8,-0.16898387064133713
2023-11-20,19694.0,-0.1915689394784037
2023-11-21,19783.4,0.4539453640702851
2023-11-22,19811.85,0.14380743451578581
2023-11-23,19802.0,-0.04971771944567438
2023-11-24,19794.7,-0.036864963135030404
2023-11-28,19889.7,0.47992644495749026
2023-11-29,20096.6,1.04023690653956
2023-11-30,20133.15,0.18187156036346686
2023-12-01,20267.9,0.6692941740363612
2023-12-04,20686.8,2.0668150129021567
2023-12-05,20855.1,0.813562271593482
2023-12-06,20937.7,0.3960661900446416
2023-12-07,20901.15,-0.1745654966877841
2023-12-08,20969.4,0.32653705657343934
2023-12-11,20997.1,0.13209724646388032
2023-12-12,20906.4,-0.43196441413336784
2023-12-13,20926.35,0.09542532430260042
2023-12-14,21182.7,1.2250105727946048
2023-12-15,21456.65,1.2932723401643864
2023-12-18,21418.65,-0.17710127163373945
2023-12-19,21453.1,0.16084113611267714
2023-12-20,21150.15,-1.4121502253753415
2023-12-21,21255.05,0.49597756989903097
2023-12-22,21349.4,0.4438945097753333
2023-12-26,21441.35,0.4306912606443225
2023-12-27,21654.75,0.9952731521102987
2023-12-28,21778.7,0.5723917385331179
2023-12-29,21731.4,-0.21718468044464867
2024-01-01,21741.9,0.04831718158977427
2024-01-02,21665.8,-0.3500154080370299
2024-01-03,21517.35,-0.685181253403988
2024-01-04,21658.6,0.6564470067178307
2024-01-05,21710.8,0.2410128078453866
2024-01-08,21513.0,-0.911067302909152
2024-01-09,21544.85,0.14805001626922998
2024-01-10,21618.7,0.3427733309816494
2024-01-11,21647.2,0.13183031357111297
2024-01-12,21894.55,1.142642004508665
2024-01-15,22097.45,0.9267146390311787
2024-01-16,22032.3,-0.2948303989826928
2024-01-17,21571.95,-2.089432333437724
2024-01-18,21462.25,-0.5085307540579342
2024-01-19,21622.4,0.7461938985893868
2024-01-20,21571.8,-0.23401657540329523
2024-01-23,21238.8,-1.5436820293160514
2024-01-24,21453.95,1.0130045011959243
2024-01-25,21352.6,-0.472407179097567
2024-01-29,21737.6,1.803059112239258
2024-01-30,21522.1,-0.9913697924333831
2024-01-31,21725.7,0.946004339725226
2024-02-01,21697.45,-0.13003033273956133
2024-02-02,21853.8,0.7205915902559923
2024-02-05,21771.7,-0.3756783717248191
2024-02-06,21929.4,0.7243348016002349
2024-02-07,21930.5,0.005016097111631979
2024-02-08,21717.95,-0.9691981486970147
2024-02-09,21782.5,0.2972195810378109
2024-02-12,21616.05,-0.7641455296683142
2024-02-13,21743.25,0.5884516366311265
2024-02-14,21840.05,0.44519563542708696
2024-02-15,21910.75,0.32371720760713263
2024-02-16,22040.7,0.5930878678274354
2024-02-19,22122.25,0.3699973231340081
2024-02-20,22196.95,0.33766908881329716
2024-02-21,22055.05,-0.6392770177884866
2024-02-22,22217.45,0.7363392964423232
2024-02-23,22212.7,-0.02137959126722322
2024-02-26,22122.05,-0.4080998707946426
2024-02-27,22198.35,0.3449047443613962
2024-02-28,21951.15,-1.1135962808046407
2024-02-29,21982.8,0.14418378991531977
2024-03-01,22338.75,1.6192204814673428
2024-03-02,22378.4,0.17749426445079486
2024-03-04,22405.6,0.12154577628427088
2024-03-05,22356.3,-0.22003427714499812
2024-03-06,22474.05,0.5266971726090697
2024-03-07,22493.55,0.0867667376374115
2024-03-11,22332.65,-0.7153161684127163
2024-03-12,22335.7,0.013657134285449679
2024-03-13,21997.7,-1.5132724741109493
2024-03-14,22146.65,0.6771162439709544
2024-03-15,22023.35,-0.5567433449302883
2024-03-18,22055.7,0.146889551317142
2024-03-19,21817.45,-1.080219625765677
2024-03-20,21839.1,0.09923249508994036
2024-03-21,22011.95,0.7914703444739102
2024-03-22,22096.75,0.38524528721899376
2024-03-26,22004.7,-0.41657709844207247
2024-03-27,22123.65,0.540566333556014
2024-03-28,22326.9,0.9187001240753778
2024-04-01,22462.0,0.605099677966936
2024-04-02,22453.3,-0.03873208084765878
2024-04-03,22434.65,-0.08306128720498851
2024-04-04,22514.65,0.3565912550452133
2024-04-05,22513.7,-0.0042194748752555356
2024-04-08,22666.3,0.6778095115418603
2024-04-09,22642.75,-0.10389873953843276
2024-04-10,22753.8,0.4904439610913025
2024-04-12,22519.4,-1.0301576000492085
2024-04-15,22272.5,-1.0963880032327733
2024-04-16,22147.9,-0.5594342799416285
2024-04-18,21995.85,-0.6865210697176827
2024-04-19,22147.0,0.6871750807538657
2024-04-22,22336.4,0.8551948345148386
2024-04-23,22368.0,0.14147311115488836
2024-04-24,22402.4,0.15379113018598733
2024-04-25,22570.35,0.7496964610934409
2024-04-26,22419.95,-0.6663609558557937
2024-04-29,22643.4,0.9966569952207793
2024-04-30,22604.85,-0.17024828426828176
2024-05-02,22648.2,0.1917730044658672
2024-05-03,22475.85,-0.7609876281558847
2024-05-06,22442.7,-0.14749164102803025
2024-05-07,22302.5,-0.6247020189192987
2024-05-08,22302.5,0.0
2024-05-09,21957.5,-1.546911781190452
2024-05-10,22055.2,0.44495047250370234
2024-05-13,22104.05,0.22148971671078765
2024-05-14,22217.85,0.5148377785971325
2024-05-15,22200.55,-0.0778653200017021
2024-05-16,22403.85,0.9157430784372478
2024-05-17,22466.1,0.2778540295529597
2024-05-18,22502.0,0.15979631533733496
2024-05-21,22529.05,0.12021153675227936
2024-05-22,22597.8,0.3051615580772271
2024-05-23,22967.65,1.6366637460283773
2024-05-24,22957.1,-0.04593417262978017
2024-05-27,22932.45,-0.1073741892486324
2024-05-28,22888.15,-0.19317604529824894
2024-05-29,22704.7,-0.8015064563977492
2024-05-30,22488.65,-0.9515650944518117
2024-05-31,22530.7,0.18698321153114428
2024-06-03,23263.9,3.2542264554585643
2024-06-04,21884.5,-5.929358362097503
2024-06-05,22620.35,3.362425460942675
2024-06-06,22821.4,0.8888014553267487
2024-06-07,23290.15,2.0539931818380985
2024-06-10,23259.2,-0.13288879633664985
2024-06-11,23264.85,0.024291463162962046
2024-06-12,23322.95,0.24973296625596664
2024-06-13,23398.9,0.325644911985834
2024-06-14,23465.6,0.2850561351174452
2024-06-18,23557.9,0.3933417428064967
2024-06-19,23516.0,-0.17785965642099777
2024-06-20,23567.0,0.21687361796223215
2024-06-21,23501.1,-0.27962829380066
2024-06-24,23537.85,0.15637565901169825
2024-06-25,23721.3,0.7793829937738694
2024-06-26,23868.8,0.6218040326626317
2024-06-27,24044.5,0.7361073870492119
2024-06-28,24010.6,-0.14098858366778932
2024-07-01,24141.95,0.5470500528933053
2024-07-02,24123.85,-0.07497323124272537
2024-07-03,24286.5,0.6742290306066545
2024-07-04,24302.15,0.06443909167646034
2024-07-05,24323.85,0.08929251115641357
2024-07-08,24320.55,-0.013566931221820067
2024-07-09,24433.2,0.4631885380881551
2024-07-10,24324.45,-0.4450911055449147
2024-07-11,24315.95,-0.03494426389908378
2024-07-12,24502.15,0.7657525204649573
2024-07-15,24586.7,0.3450717590089081
2024-07-16,24613.0,0.1069684016155037
2024-07-18,24800.85,0.7632145614106411
2024-07-19,24530.9,-1.0884707580586794
2024-07-22,24509.25,-0.08825603626446687
2024-07-23,24479.05,-0.12321878474453873
2024-07-24,24413.5,-0.2677799996323338
2024-07-25,24406.1,-0.030311098367707956
2024-07-26,24834.85,1.7567329479105664
2024-07-29,24836.1,0.005033249647179439
2024-07-30,24857.3,0.08535961765334665
2024-07-31,24951.15,0.3775550844218989
2024-08-01,25010.9,0.23946792031630526
2024-08-02,24717.7,-1.1722888820474342
2024-08-05,24055.6,-2.6786472851438536
2024-08-06,23992.55,-0.26210113237665755
2024-08-07,24297.5,1.2710195456506312
2024-08-08,24117.0,-0.7428747813561065
2024-08-09,24367.5,1.0386864037815746
2024-08-12,24347.0,-0.08412844977941925
2024-08-13,24139.0,-0.8543146999630324
2024-08-14,24143.75,0.019677699987563635
2024-08-16,24541.15,1.6459746311157097
2024-08-19,24572.65,0.1283558431450782
2024-08-20,24698.85,0.5135791215029606
2024-08-21,24770.2,0.2888798466325504
2024-08-22,24811.5,0.16673260611541618
2024-08-23,24823.15,0.04695403341192783
2024-08-26,25010.6,0.7551418736139404
2024-08-27,25017.75,0.028587878739427808
2024-08-28,25052.35,0.13830180571794415
2024-08-29,25151.95,0.3975674936682605
2024-08-30,25235.9,0.3337713378088081
2024-09-02,25278.7,0.16959965763059248
2024-09-03,25279.85,0.004549284575539048
2024-09-04,25198.7,-0.3210066515426213
2024-09-05,25145.1,-0.2127093858016571
2024-09-06,24852.15,-1.16503811875871
2024-09-09,24936.4,0.3390048748297403
2024-09-10,25041.1,0.419868144559743
2024-09-11,24918.45,-0.48979477738596566
2024-09-12,25388.9,1.8879585206944993
2024-09-13,25356.5,-0.1276148238009589
2024-09-16,25383.75,0.10746751326089488
2024-09-17,25418.55,0.13709558280394774
2024-09-18,25377.55,-0.16129952337957665
2024-09-19,25415.8,0.15072376963103373
2024-09-20,25790.95,1.4760503308965278
2024-09-23,25939.05,0.5742324342453475
2024-09-24,25940.4,0.005204508260714391
2024-09-25,26004.15,0.24575565527131804
2024-09-26,26216.05,0.81486993422204
2024-09-27,26178.95,-0.14151636116043198
2024-09-30,25810.85,-1.4060915353747983
2024-10-01,25796.9,-0.05404703835788505
2024-10-03,25250.1,-2.11963452973033
2024-10-04,25014.6,-0.9326695735858426
2024-10-07,24795.75,-0.8748890647861551
2024-10-08,25013.15,0.8767631549761568
2024-10-09,24981.95,-0.12473438971101203
2024-10-10,24998.45,0.06604768642959336
2024-10-11,24964.25,-0.13680848212589414
2024-10-14,25127.95,0.6557377049180246
2024-10-15,25057.35,-0.2809620362982379
2024-10-16,24971.3,-0.34341221238478603
2024-10-17,24749.85,-0.8868180671410819
2024-10-18,24854.05,0.42101265260194864
2024-10-21,24781.1,-0.2935135319998228
2024-10-22,24472.1,-1.246918014131737
2024-10-23,24435.5,-0.14955806816742134
2024-10-24,24399.4,-0.1477358760819225
2024-10-25,24180.8,-0.8959236702541951
2024-10-28,24339.15,0.6548584000529489
2024-10-29,24466.85,0.524669103070563
2024-10-30,24340.85,-0.5149825171609779
2024-10-31,24205.35,-0.5566773551457738
2024-11-01,24304.35,0.4090004895611843
2024-11-04,23995.35,-1.2713773460306443
2024-11-05,24213.3,0.9083009833155131
2024-11-06,24484.05,1.1181871120417242
2024-11-07,24199.35,-1.1627978214388546
2024-11-08,24148.2,-0.21136931363857636
2024-11-11,24141.3,-0.02857355827764474
2024-11-12,23883.45,-1.0680866399075395
2024-11-13,23559.05,-1.3582627300494754
2024-11-14,23532.7,-0.11184661520731165
2024-11-18,23453.8,-0.33527814487925856
2024-11-19,23518.5,0.2758614808687776
2024-11-21,23349.9,-0.7168824542381436
2024-11-22,23907.25,2.386948123974819
2024-11-25,24221.9,1.3161279528176584
2024-11-26,24194.5,-0.11312077087264338
2024-11-27,24274.9,0.33230692926078387
2024-11-28,23914.15,-1.4861029293632533
2024-11-29,24131.1,0.9072034757664271
2024-12-02,24276.05,0.6006771344862161
2024-12-03,24457.15,0.7460027475639563
2024-12-04,24467.45,0.04211447368152044
2024-12-05,24708.4,0.9847777353177323
2024-12-06,24677.8,-0.12384452251057443
2024-12-09,24619.0,-0.23827083451523068
2024-12-10,24610.05,-0.03635403550104055
2024-12-11,24641.8,0.12901233439184256
2024-12-12,24548.7,-0.3778133090926783
2024-12-13,24768.3,0.8945483874909899
2024-12-16,24668.25,-0.4039437506813126
2024-12-17,24336.0,-1.3468730047733413
2024-12-18,24198.85,-0.5635683760683796
2024-12-19,23951.7,-1.021329525989867
2024-12-20,23587.5,-1.5205601272561098
2024-12-23,23753.45,0.703550609432968
2024-12-24,23727.65,-0.10861580107310864
2024-12-26,23750.2,0.0950368030546711
2024-12-27,23813.4,0.26610302229033156
2024-12-30,23644.9,-0.7075848051937172
2024-12-31,23644.8,-0.0004229241823860974
2025-01-01,23742.9,0.41489037758830616
2025-01-02,24188.65,1.8774033500541298
2025-01-03,24004.75,-0.7602739301283967
2025-01-06,23616.05,-1.6192628542267662
2025-01-07,23707.9,0.3889304096154955
2025-01-08,23688.95,-0.0799311621864418
2025-01-09,23526.5,-0.685762771249887
2025-01-10,23431.5,-0.4037999702463213
2025-01-13,23085.95,-1.4747241960608504
2025-01-14,23176.05,0.3902806685451399
2025-01-15,23213.2,0.16029478707546563
2025-01-16,23311.8,0.4247583271586697
2025-01-17,23203.2,-0.46585849226571385
2025-01-20,23344.75,0.6100451661839701
2025-01-21,23024.65,-1.3711862410177855
2025-01-22,23155.35,0.5676524941747196
2025-01-23,23205.35,0.21593281898135697
2025-01-24,23092.2,-0.4876030742910431
2025-01-27,22829.15,-1.139129229783209
2025-01-28,22957.25,0.5611247024089661
2025-01-29,23163.1,0.8966666303673154
2025-01-30,23249.5,0.3730070672751218
2025-01-31,23508.4,1.1135723348889348
2025-02-01,23482.15,-0.11166221435742196
2025-02-03,23361.05,-0.5157108697457558
2025-02-04,23739.25,1.6189340804458663
2025-02-05,23696.3,-0.18092399717767327
2025-02-06,23603.35,-0.3922553310010457
2025-02-07,23559.95,-0.18387220458111475
2025-02-10,23381.6,-0.7570050021328711
2025-02-11,23071.8,-1.3249734834228644
2025-02-12,23045.25,-0.11507554677138154
2025-02-13,23031.4,-0.060099152753811946
2025-02-14,22929.25,-0.4435249268390229
2025-02-17,22959.5,0.13192755977626813
2025-02-18,22945.3,-0.06184803676038131
2025-02-19,22932.9,-0.054041568425766684
2025-02-20,22913.15,-0.08612081332932675
2025-02-21,22795.9,-0.5117148886120026
2025-02-24,22553.35,-1.0640071240881177
2025-02-25,22547.55,-0.0257168003866326
2025-02-27,22545.05,-0.011087679149179852
2025-02-28,22124.7,-1.8644891007116748
2025-03-03,22119.3,-0.024407110604895976
2025-03-04,22082.65,-0.16569240437083188
2025-03-05,22337.3,1.1531677583985545
2025-03-06,22544.7,0.9284918051868374
2025-03-07,22552.5,0.03459793210820461
2025-03-10,22460.3,-0.4088238554484036
2025-03-11,22497.9,0.16740649056334878
2025-03-12,22470.5,-0.12178914476462799
2025-03-13,22397.2,-0.3262054693932037
2025-03-17,22508.75,0.49805332809458314
2025-03-18,22834.3,1.4463264286110888
2025-03-19,22907.6,0.3210083076774728
2025-03-20,23190.65,1.2356161273987754
2025-03-21,23350.4,0.6888552067320308
2025-03-24,23658.35,1.3188210908592346
2025-03-25,23668.65,0.04353642582852757
2025-03-26,23486.85,-0.7681046447516104
2025-03-27,23591.95,0.44748444342259663
2025-03-28,23519.35,-0.3077320865803923
2025-04-01,23165.7,-1.503655500683465
2025-04-02,23332.35,0.7193825353863481
2025-04-03,23250.1,-0.3525148559832214
2025-04-04,22904.45,-1.4866602724289302
2025-04-07,22161.6,-3.243256223135693
2025-04-08,22535.85,1.68873186051548
2025-04-09,22399.15,-0.6065890569914023
2025-04-11,22828.55,1.91703703042303
2025-04-15,23328.55,2.1902398531663314
2025-04-16,23437.2,0.46573833350123106
2025-04-17,23851.65,1.7683426347857356
2025-04-21,24125.55,1.1483482274811108
2025-04-22,24167.25,0.172845800406618
2025-04-23,24328.95,0.669087297892812
2025-04-24,24246.7,-0.3380745983694311
2025-04-25,24039.35,-0.8551679197581596
2025-04-28,24328.5,1.2028195437896683
2025-04-29,24335.95,0.030622520911682827
2025-04-30,24334.2,-0.007191007542339811
2025-05-02,24346.7,0.05136803346730279
2025-05-05,24461.15,0.47008424139616256
2025-05-06,24379.6,-0.333385797478869
2025-05-07,24414.4,0.14274229273656402
2025-05-08,24273.8,-0.5758896389016388
2025-05-09,24008.0,-1.0950077861727414
2025-05-12,24924.7,3.8183105631456105
2025-05-13,24578.35,-1.3895854313191403
2025-05-14,24666.9,0.3602764221357635
2025-05-15,25062.1,1.6021470067175025
2025-05-16,25019.8,-0.16878074862042292
2025-05-19,24945.45,-0.29716464560067823
2025-05-20,24683.9,-1.0484878003804265
2025-05-21,24813.45,0.5248360267218644
2025-05-22,24609.7,-0.8211272515510792
2025-05-23,24853.15,0.9892440785543855
2025-05-26,25001.15,0.5954979549875894
2025-05-27,24826.2,-0.699767810680707
2025-05-28,24752.45,-0.29706519725128944
2025-05-29,24833.6,0.32784633440325894
2025-05-30,24750.7,-0.333821918690802
2025-06-02,24716.6,-0.13777388114276645
2025-06-03,24542.5,-0.7043849073092523
2025-06-04,24620.2,0.31659366405216716
2025-06-05,24750.9,0.5308648995540288
2025-06-06,25003.05,1.0187508333030282
2025-06-09,25103.2,0.4005511327618061
2025-06-10,25104.25,0.004182733675395234
2025-06-11,25141.4,0.14798291126005836
2025-06-12,24888.2,-1.0071038207896121
2025-06-13,24718.6,-0.6814474329200237
2025-06-16,24946.5,0.9219777819132302
2025-06-17,24853.4,-0.37319864510051426
2025-06-18,24812.05,-0.16637562667483063
2025-06-19,24793.25,-0.0757696361243787
2025-06-20,25112.4,1.287245520454161
2025-06-23,24971.9,-0.5594845574297902
2025-06-24,25044.35,0.29012610173835274
2025-06-25,25244.75,0.8001804798287937
2025-06-26,25549.0,1.2052010814129765
2025-06-27,25637.8,0.34756741946846414
2025-06-30,25517.05,-0.47098424981862896
2025-07-01,25541.8,0.09699397069802274
2025-07-02,25453.4,-0.3460993352073727
2025-07-03,25405.3,-0.18897278948981633
2025-07-04,25461.0,0.2192455904870272
2025-07-07,25461.3,0.0011782726522913123
2025-07-08,25522.5,0.2403647889149374
2025-07-09,25476.1,-0.18180037222059742
2025-07-10,25355.25,-0.4743661706462121
2025-07-11,25149.85,-0.8100886404196372
2025-07-14,25082.3,-0.268590071113739
2025-07-15,25195.8,0.45251033597397683
2025-07-16,25212.05,0.06449487613013893
2025-07-17,25111.45,-0.39901555010400935
2025-07-18,24968.4,-0.5696604536974181
2025-07-21,25090.7,0.48981913138206323
2025-07-22,25060.9,-0.11876910568456855
2025-07-23,25219.9,0.6344544689137255
2025-07-24,25062.1,-0.625696374688256
2025-07-25,24837.0,-0.8981689483323341
2025-07-28,24680.9,-0.6284978056931179
2025-07-29,24821.1,0.5680505978306938
2025-07-30,24855.05,0.13677878901419138
2025-07-31,24768.35,-0.3488224726966971
2025-08-01,24565.35,-0.8195943613522938
2025-08-04,24722.75,0.6407399039704442
2025-08-05,24649.55,-0.296083566755323
2025-08-06,24574.2,-0.3056850936426825
2025-08-07,24596.15,0.08932132073475874
2025-08-08,24363.3,-0.9466928767307148
2025-08-11,24585.05,0.9101804763722576
2025-08-12,24487.4,-0.3971926028216277
2025-08-13,24619.35,0.5388485506832019
2025-08-14,24631.3,0.04853905566151173
2025-08-18,24876.95,0.9973083028504526
2025-08-19,24980.65,0.41685174428538474
2025-08-20,25050.55,0.2798165780313777
2025-08-21,25083.75,0.1325320202550495
2025-08-22,24870.1,-0.85174664872677
2025-08-25,24967.75,0.3926401582623473
2025-08-26,24712.05,-1.024121116239951
2025-08-28,24500.9,-0.8544414566982406
2025-08-29,24426.85,-0.30223379549323415
2025-09-01,24625.05,0.8114022069976246
2025-09-02,24579.6,-0.1845681531611132
2025-09-03,24715.05,0.5510667382707668
2025-09-04,24734.3,0.07788776474253467
2025-09-05,24741.0,0.02708789009593371
2025-09-08,24773.15,0.12994624307829383
2025-09-09,24868.6,0.385296177514749
2025-09-10,24973.1,0.42020861648826013
2025-09-11,25005.5,0.12973959980939753
2025-09-12,25114.0,0.4339045410009845
2025-09-15,25069.2,-0.17838655729871533
2025-09-16,25239.1,0.6777240598024648
2025-09-17,25330.25,0.36114599965926253
2025-09-18,25423.6,0.3685316962919849
2025-09-19,25327.05,-0.3797652574773047
2025-09-22,25202.35,-0.4923589600841827
2025-09-23,25169.5,-0.13034498766979485
2025-09-24,25056.9,-0.4473668527384289
2025-09-25,24890.85,-0.6626917136597243
2025-09-26,24654.7,-0.9487422084822228
2025-09-29,24634.9,-0.08030923109995092
2025-09-30,24611.1,-0.0966109056663611
2025-10-01,24836.3,0.9150342731531813
2025-10-03,24894.25,0.2333278306350106
2025-10-06,25077.65,0.7367163099912588
2025-10-07,25108.3,0.1222203834888802
2025-10-08,25046.15,-0.24752770996043783
2025-10-09,25181.8,0.5416002060196767
2025-10-10,25285.35,0.4112096831838885
2025-10-13,25227.35,-0.2293818357270161
2025-10-14,25145.5,-0.3244494566412959
2025-10-15,25323.55,0.7080789803344478
2025-10-16,25585.3,1.0336228530360092
2025-10-17,25709.85,0.486802968892297
2025-10-20,25843.15,0.5184783264001958
2025-10-21,25868.6,0.09847870712353934
2025-10-23,25891.4,0.0881377422821572
2025-10-24,25795.15,-0.3717450582046533
2025-10-27,25966.05,0.6625276457008278
2025-10-28,25936.2,-0.11495780066663741
2025-10-29,26053.9,0.4538058774994136
2025-10-30,25877.85,-0.6757145763206407
2025-10-31,25722.1,-0.6018660746545779
2025-11-03,25763.35,0.16036793263380922
2025-11-04,25597.65,-0.643161700632866
2025-11-06,25509.7,-0.34358622764198987
2025-11-07,25492.3,-0.06820934781671673
2025-11-10,25574.35,0.32186189555276634
2025-11-11,25694.95,0.4715662372650753
2025-11-12,25875.8,0.7038348002233796
2025-11-13,25879.15,0.012946459626372864
2025-11-14,25910.05,0.1194011395273753
2025-11-17,26013.45,0.3990729465979559
2025-11-18,25910.05,-0.39748668477268545
2025-11-19,26052.65,0.5503655917298511
2025-11-20,26192.15,0.5354541668505908
2025-11-21,26068.15,-0.4734242893385976
2025-11-24,25959.5,-0.41679213906625767
2025-11-25,25884.8,-0.28775592750245327
2025-11-26,26205.3,1.238178390406719
2025-11-27,26215.55,0.039114224985015156
2025-11-28,26202.95,-0.04806307706685109
2025-12-01,26175.75,-0.10380510591364578
2025-12-02,26032.2,-0.5484083550614582
2025-12-03,25986.0,-0.1774725148085854
2025-12-04,26033.75,0.18375278996383138
2025-12-05,26186.45,0.586546310078262
2025-12-08,25960.55,-0.8626598870790092
2025-12-09,25839.65,-0.4657066202372384
2025-12-10,25758.0,-0.315987252149319
2025-12-11,25898.55,0.5456557186116928
2025-12-12,26046.95,0.5730050524064056
2025-12-15,26027.3,-0.0754406945918884
2025-12-16,25860.1,-0.6424024005563411
2025-12-17,25818.55,-0.16067223251263751
2025-12-18,25815.55,-0.011619552608488348
2025-12-19,25966.4,0.5843377344275202
2025-12-22,26172.4,0.7933329225460639
2025-12-23,26177.15,0.018148889670044355
2025-12-24,26142.1,-0.13389540114184806
2025-12-26,26042.3,-0.3817596903079701
2025-12-29,25942.1,-0.3847586426698135
2025-12-30,25938.85,-0.012527898666647719
2025-12-31,26129.6,0.735383411369428
