"SYMBOL","COMPANY NAME","SERIES","PURPOSE","FACE VALUE","EX-DATE","RECORD DATE","BOOK CLOSURE START DATE","BOOK CLOSURE END DATE"
"TCS","Tata Consultancy Services Limited","EQ","Interim Dividend - Rs 8 Per Share Special Dividend - Rs 67 Per Share","1","16-Jan-2023","17-Jan-2023","-","-"
"TCS","Tata Consultancy Services Limited","EQ","Dividend - Rs 24 Per Share","1","15-Jun-2023","15-Jun-2023","-","-"
"TCS","Tata Consultancy Services Limited","EQ","Interim Dividend - Rs 9 Per Share","1","20-Jul-2023","20-Jul-2023","-","-"
"TCS","Tata Consultancy Services Limited","EQ","Interim Dividend - Rs 9 Per Share","1","19-Oct-2023","19-Oct-2023","-","-"
"TCS","Tata Consultancy Services Limited","EQ","Buy Back","1","24-Nov-2023","25-Nov-2023","-","-"
"TCS","Tata Consultancy Services Limited","EQ","Interim Dividend - Rs 9 Per Share Special Dividend - Rs 18 Per Share","1","19-Jan-2024","19-Jan-2024","-","-"
"TCS","Tata Consultancy Services Limited","EQ","Dividend - Rs 28 Per Share","1","16-May-2024","16-May-2024","-","-"
"TCS","Tata Consultancy Services Limited","EQ","Interim Dividend - Rs 10 Per Share","1","19-Jul-2024","20-Jul-2024","-","-"
"TCS","Tata Consultancy Services Limited","EQ","Interim Dividend - Rs 10 Per Share","1","18-Oct-2024","18-Oct-2024","-","-"
"TCS","Tata Consultancy Services Limited","EQ","Interim Dividend - Rs 10 Per Share Special Dividend - Rs 66 Per Share","1","17-Jan-2025","17-Jan-2025","-","-"
"TCS","Tata Consultancy Services Limited","EQ","Dividend - Rs 30 Per Share","1","04-Jun-2025","04-Jun-2025","-","-"
"TCS","Tata Consultancy Services Limited","EQ","Interim Dividend - Rs 11 Per Share","1","16-Jul-2025","16-Jul-2025","-","-"
"TCS","Tata Consultancy Services Limited","EQ","Interim Dividend - Rs 11 Per Share","1","15-Oct-2025","15-Oct-2025","-","-"