date,symbol,company,subject,event_type,details,source
2023-01-17,TCS,Tata Consultancy Services Limited,Interim Dividend - Rs 8 Per Share Special Dividend - Rs 67 Per Share,Corporate Announcement,Interim Dividend - Rs 8 Per Share Special Dividend - Rs 67 Per Share,NSE
2023-02-08,SUNPHARMA,Sun Pharmaceutical Industries Limited,Interim Dividend - Rs 7.50 Per Share,Corporate Announcement,Interim Dividend - Rs 7.50 Per Share,NSE
2023-02-15,ITC,ITC Limited,Interim Dividend - Rs  6 Per Share,Corporate Announcement,Interim Dividend - Rs  6 Per Share,NSE
2023-05-16,HDFCBANK,HDFC Bank Limited,Dividend - Rs 19 Per Share,Corporate Announcement,Dividend - Rs 19 Per Share,NSE
2023-05-30,ITC,ITC Limited,Dividend - Rs 6.75 Per Share /Special Dividend - Rs 2.75 Per Share,Corporate Announcement,Dividend - Rs 6.75 Per Share /Special Dividend - Rs 2.75 Per Share,NSE
2023-06-15,TCS,Tata Consultancy Services Limited,Dividend - Rs 24 Per Share,Corporate Announcement,Dividend - Rs 24 Per Share,NSE
2023-07-20,TCS,Tata Consultancy Services Limited,Interim Dividend - Rs 9 Per Share,Corporate Announcement,Interim Dividend - Rs 9 Per Share,NSE
2023-07-28,SUNPHARMA,Sun Pharmaceutical Industries Limited,Dividend - Rs 4 Per Share,Corporate Announcement,Dividend - Rs 4 Per Share,NSE
2023-10-19,TCS,Tata Consultancy Services Limited,Interim Dividend - Rs 9 Per Share,Corporate Announcement,Interim Dividend - Rs 9 Per Share,NSE
2023-11-25,TCS,Tata Consultancy Services Limited,Buy Back,Corporate Announcement,Buy Back,NSE
2024-01-19,TCS,Tata Consultancy Services Limited,Interim Dividend - Rs 9 Per Share Special Dividend - Rs 18 Per Share,Corporate Announcement,Interim Dividend - Rs 9 Per Share Special Dividend - Rs 18 Per Share,NSE
2024-02-08,ITC,ITC Limited,Interim Dividend - Rs 6.25 Per Share,Corporate Announcement,Interim Dividend - Rs 6.25 Per Share,NSE
2024-02-09,SUNPHARMA,Sun Pharmaceutical Industries Limited,Interim Dividend - Rs 8.50 Per Share,Corporate Announcement,Interim Dividend - Rs 8.50 Per Share,NSE
2024-05-10,HDFCBANK,HDFC Bank Limited,Dividend - Rs 19.50 Per Share,Corporate Announcement,Dividend - Rs 19.50 Per Share,NSE
2024-05-16,TCS,Tata Consultancy Services Limited,Dividend - Rs 28 Per Share,Corporate Announcement,Dividend - Rs 28 Per Share,NSE
2024-06-04,ITC,ITC Limited,Dividend - Rs 7.50 Per Share,Corporate Announcement,Dividend - Rs 7.50 Per Share,NSE
2024-06-21,TATASTEEL,Tata Steel Limited,Dividend - Rs 3.60 Per Share,Corporate Announcement,Dividend - Rs 3.60 Per Share,NSE
2024-07-12,SUNPHARMA,Sun Pharmaceutical Industries Limited,Dividend - Rs 5 Per Share,Corporate Announcement,Dividend - Rs 5 Per Share,NSE
2024-07-20,TCS,Tata Consultancy Services Limited,Interim Dividend - Rs 10 Per Share,Corporate Announcement,Interim Dividend - Rs 10 Per Share,NSE
2024-10-18,TCS,Tata Consultancy Services Limited,Interim Dividend - Rs 10 Per Share,Corporate Announcement,Interim Dividend - Rs 10 Per Share,NSE
2025-01-06,ITC,ITC Limited,Demerger,Corporate Announcement,Demerger,NSE
2025-01-17,TCS,Tata Consultancy Services Limited,Interim Dividend - Rs 10 Per Share Special Dividend - Rs 66 Per Share,Corporate Announcement,Interim Dividend - Rs 10 Per Share Special Dividend - Rs 66 Per Share,NSE
2025-02-06,SUNPHARMA,Sun Pharmaceutical Industries Limited,Interim Dividend - Rs 10.50 Per Share,Corporate Announcement,Interim Dividend - Rs 10.50 Per Share,NSE
2025-02-12,ITC,ITC Limited,Interim Dividend - Rs 6.50 Per Share,Corporate Announcement,Interim Dividend - Rs 6.50 Per Share,NSE
2025-05-28,ITC,ITC Limited,Dividend - Rs 7.85 Per Share,Corporate Announcement,Dividend - Rs 7.85 Per Share,NSE
2025-06-04,TCS,Tata Consultancy Services Limited,Dividend - Rs 30 Per Share,Corporate Announcement,Dividend - Rs 30 Per Share,NSE
2025-06-06,TATASTEEL,Tata Steel Limited,Dividend - Rs 3.60 Per Share,Corporate Announcement,Dividend - Rs 3.60 Per Share,NSE
2025-07-04,M&M,Mahindra & Mahindra Limited,Dividend - Rs 25.30 Per Share,Corporate Announcement,Dividend - Rs 25.30 Per Share,NSE
2025-07-07,SUNPHARMA,Sun Pharmaceutical Industries Limited,Dividend - Rs 5.50 Per Share,Corporate Announcement,Dividend - Rs 5.50 Per Share,NSE
2025-07-16,TCS,Tata Consultancy Services Limited,Interim Dividend - Rs 11 Per Share,Corporate Announcement,Interim Dividend - Rs 11 Per Share,NSE
2025-10-15,TCS,Tata Consultancy Services Limited,Interim Dividend - Rs 11 Per Share,Corporate Announcement,Interim Dividend - Rs 11 Per Share,NSE
